customer_id,recency_days,freq_30d,freq_90d,monetary_90d,freq_ratio,churn
C00000,27.0,1.0,4.0,508.17,0.24999993750001562,0
C00001,48.0,0.0,2.0,65.86,0.0,0
C00002,11.0,2.0,3.0,127.44999999999999,0.6666664444445185,1
C00003,124.0,0.0,0.0,0.0,0.0,1
C00004,28.0,1.0,3.0,138.86,0.33333322222225925,1
C00005,29.0,1.0,4.0,76.76,0.24999993750001562,0
C00006,47.0,0.0,1.0,61.85,0.0,1
C00007,173.0,0.0,0.0,0.0,0.0,0
C00008,9.0,2.0,5.0,133.29000000000002,0.399999920000016,0
C00009,27.0,1.0,2.0,75.12,0.499999750000125,1
C00010,119.0,0.0,0.0,0.0,0.0,1
C00011,13.0,1.0,2.0,74.65,0.499999750000125,1
C00012,15.0,1.0,5.0,854.9000000000001,0.199999960000008,0
C00013,31.0,0.0,4.0,150.03,0.0,0
C00014,2.0,2.0,4.0,401.65999999999997,0.49999987500003124,1
C00015,29.0,1.0,2.0,39.4,0.499999750000125,0
C00016,18.0,1.0,5.0,253.05,0.199999960000008,0
C00017,22.0,1.0,1.0,53.57,0.9999990000010001,0
C00019,0.0,3.0,7.0,463.44999999999993,0.4285713673469475,0
C00020,7.0,3.0,7.0,126.69,0.4285713673469475,0
C00021,388.0,0.0,0.0,0.0,0.0,0
C00022,23.0,1.0,3.0,165.21,0.33333322222225925,1
C00023,3.0,1.0,4.0,403.90000000000003,0.24999993750001562,0
C00024,43.0,0.0,1.0,31.02,0.0,0
C00025,116.0,0.0,0.0,0.0,0.0,1
C00026,3.0,3.0,6.0,599.01,0.49999991666668053,1
C00027,36.0,0.0,1.0,44.27,0.0,1
C00028,27.0,1.0,2.0,138.19,0.499999750000125,1
C00029,368.0,0.0,0.0,0.0,0.0,1
C00030,202.0,0.0,0.0,0.0,0.0,1
C00031,19.0,1.0,8.0,787.1899999999999,0.12499998437500197,0
C00032,29.0,1.0,6.0,362.46999999999997,0.16666663888889352,0
C00033,6.0,1.0,11.0,430.65999999999997,0.09090908264462885,0
C00035,8.0,1.0,8.0,458.25000000000006,0.12499998437500197,0
C00036,16.0,1.0,2.0,94.93,0.499999750000125,0
C00037,284.0,0.0,0.0,0.0,0.0,0
C00038,20.0,1.0,8.0,778.79,0.12499998437500197,0
C00039,31.0,0.0,14.0,481.53000000000003,0.0,0
C00040,0.0,1.0,2.0,83.53,0.499999750000125,1
C00041,1.0,3.0,9.0,652.05,0.33333329629630043,0
C00042,355.0,0.0,0.0,0.0,0.0,1
C00043,47.0,0.0,3.0,193.19,0.0,1
C00044,13.0,1.0,2.0,46.410000000000004,0.499999750000125,1
C00045,0.0,1.0,1.0,176.21,0.9999990000010001,1
C00046,3.0,2.0,2.0,153.63,0.99999950000025,0
C00047,370.0,0.0,0.0,0.0,0.0,1
C00048,22.0,1.0,2.0,70.2,0.499999750000125,1
C00049,132.0,0.0,0.0,0.0,0.0,0
C00050,253.0,0.0,0.0,0.0,0.0,1
C00051,46.0,0.0,3.0,47.53,0.0,0
C00052,308.0,0.0,0.0,0.0,0.0,1
C00053,0.0,1.0,3.0,73.33,0.33333322222225925,0
C00054,121.0,0.0,0.0,0.0,0.0,0
C00055,1.0,2.0,7.0,216.32000000000002,0.285714244897965,0
C00056,25.0,2.0,7.0,458.46000000000004,0.285714244897965,0
C00057,45.0,0.0,1.0,71.03,0.0,1
C00058,136.0,0.0,0.0,0.0,0.0,1
C00059,19.0,1.0,3.0,151.82,0.33333322222225925,0
C00060,48.0,0.0,1.0,44.51,0.0,0
C00061,68.0,0.0,1.0,15.29,0.0,1
C00062,47.0,0.0,1.0,118.81,0.0,1
C00063,11.0,2.0,4.0,212.67999999999998,0.49999987500003124,1
C00064,11.0,1.0,4.0,256.96999999999997,0.24999993750001562,0
C00065,10.0,2.0,6.0,504.33000000000004,0.33333327777778704,0
C00066,10.0,3.0,6.0,231.17000000000002,0.49999991666668053,0
C00067,14.0,3.0,6.0,389.7900000000001,0.49999991666668053,0
C00068,21.0,1.0,1.0,40.32,0.9999990000010001,1
C00069,3.0,6.0,14.0,701.14,0.42857139795918586,0
C00070,13.0,1.0,1.0,14.49,0.9999990000010001,0
C00071,73.0,0.0,1.0,93.89,0.0,0
C00072,2.0,4.0,6.0,195.58999999999997,0.6666665555555741,1
C00073,220.0,0.0,0.0,0.0,0.0,0
C00074,1.0,2.0,8.0,398.51,0.24999996875000394,1
C00075,68.0,0.0,2.0,223.27999999999997,0.0,0
C00076,76.0,0.0,1.0,95.17,0.0,0
C00077,10.0,2.0,3.0,268.62,0.6666664444445185,1
C00079,12.0,1.0,3.0,70.00999999999999,0.33333322222225925,1
C00080,5.0,2.0,2.0,299.24,0.99999950000025,0
C00081,5.0,4.0,9.0,372.20000000000005,0.44444439506173394,0
C00082,15.0,2.0,6.0,468.3,0.33333327777778704,0
C00084,171.0,0.0,0.0,0.0,0.0,1
C00085,271.0,0.0,0.0,0.0,0.0,1
C00086,93.0,0.0,0.0,0.0,0.0,0
C00087,7.0,2.0,3.0,171.94,0.6666664444445185,1
C00089,4.0,2.0,10.0,513.6700000000001,0.19999998000000202,0
C00090,206.0,0.0,0.0,0.0,0.0,0
C00091,35.0,0.0,3.0,134.44,0.0,1
C00092,21.0,3.0,3.0,169.63,0.9999996666667778,0
C00093,6.0,1.0,1.0,14.67,0.9999990000010001,1
C00094,301.0,0.0,0.0,0.0,0.0,0
C00095,0.0,2.0,4.0,105.86,0.49999987500003124,1
C00096,1.0,1.0,3.0,189.21,0.33333322222225925,1
C00097,10.0,1.0,10.0,375.39,0.09999999000000101,0
C00099,2.0,5.0,11.0,402.9100000000001,0.4545454132231443,0
C00100,26.0,1.0,3.0,148.79,0.33333322222225925,1
C00101,14.0,1.0,4.0,229.36,0.24999993750001562,0
C00102,9.0,6.0,28.0,2038.0300000000002,0.21428570663265334,1
C00103,102.0,0.0,0.0,0.0,0.0,1
C00104,63.0,0.0,2.0,50.89,0.0,1
C00105,34.0,0.0,3.0,99.4,0.0,0
C00106,6.0,2.0,5.0,391.02000000000004,0.399999920000016,0
C00107,207.0,0.0,0.0,0.0,0.0,1
C00108,78.0,0.0,1.0,4.05,0.0,1
C00109,18.0,3.0,9.0,621.84,0.33333329629630043,0
C00110,27.0,1.0,4.0,138.06,0.24999993750001562,1
C00111,14.0,2.0,3.0,164.91,0.6666664444445185,1
C00112,20.0,2.0,6.0,495.41999999999996,0.33333327777778704,1
C00114,4.0,2.0,14.0,792.3499999999999,0.14285713265306196,0
C00115,9.0,3.0,18.0,1156.41,0.1666666574074079,0
C00116,1.0,2.0,3.0,285.12,0.6666664444445185,0
C00117,202.0,0.0,0.0,0.0,0.0,1
C00118,14.0,2.0,3.0,133.25,0.6666664444445185,1
C00119,8.0,3.0,10.0,227.32,0.299999970000003,0
C00120,100.0,0.0,0.0,0.0,0.0,0
C00121,24.0,2.0,8.0,580.84,0.24999996875000394,0
C00122,205.0,0.0,0.0,0.0,0.0,1
C00123,11.0,1.0,3.0,106.35000000000001,0.33333322222225925,1
C00124,9.0,3.0,9.0,506.57000000000005,0.33333329629630043,0
C00125,218.0,0.0,0.0,0.0,0.0,1
C00126,28.0,1.0,2.0,164.34,0.499999750000125,0
C00127,38.0,0.0,5.0,260.58000000000004,0.0,0
C00128,0.0,7.0,12.0,812.17,0.5833332847222263,0
C00129,0.0,1.0,4.0,135.32,0.24999993750001562,1
C00130,0.0,2.0,12.0,1008.79,0.16666665277777895,0
C00131,11.0,2.0,3.0,236.15,0.6666664444445185,0
C00132,0.0,1.0,2.0,86.94999999999999,0.499999750000125,0
C00133,2.0,1.0,3.0,207.82999999999998,0.33333322222225925,0
C00134,83.0,0.0,2.0,137.99,0.0,1
C00135,31.0,0.0,1.0,28.92,0.0,0
C00136,43.0,0.0,1.0,5.52,0.0,0
C00137,12.0,1.0,2.0,70.02,0.499999750000125,1
C00138,15.0,2.0,5.0,193.35000000000002,0.399999920000016,0
C00139,39.0,0.0,9.0,497.88,0.0,0
C00140,16.0,1.0,2.0,45.35,0.499999750000125,1
C00141,12.0,2.0,4.0,207.43,0.49999987500003124,1
C00142,14.0,2.0,3.0,187.71,0.6666664444445185,0
C00143,165.0,0.0,0.0,0.0,0.0,1
C00144,17.0,2.0,6.0,216.78999999999996,0.33333327777778704,0
C00145,119.0,0.0,0.0,0.0,0.0,0
C00146,56.0,0.0,3.0,145.21,0.0,0
C00147,6.0,8.0,24.0,1873.3600000000001,0.333333319444445,0
C00148,2.0,7.0,31.0,2243.0399999999995,0.22580644432882438,0
C00149,3.0,2.0,9.0,375.75,0.22222219753086697,0
C00150,15.0,2.0,7.0,618.82,0.285714244897965,0
C00151,0.0,2.0,4.0,267.11,0.49999987500003124,1
C00152,12.0,1.0,1.0,103.26,0.9999990000010001,1
C00153,3.0,1.0,1.0,40.07,0.9999990000010001,1
C00154,62.0,0.0,2.0,258.22,0.0,1
C00155,197.0,0.0,0.0,0.0,0.0,1
C00156,15.0,1.0,4.0,211.9,0.24999993750001562,1
C00157,324.0,0.0,0.0,0.0,0.0,0
C00158,0.0,9.0,44.0,3438.4900000000002,0.20454544989669432,0
C00159,3.0,4.0,13.0,841.6200000000001,0.3076922840236705,0
C00160,11.0,4.0,6.0,214.21,0.6666665555555741,0
C00161,33.0,0.0,1.0,53.56,0.0,1
C00162,18.0,2.0,7.0,491.91999999999996,0.285714244897965,0
C00163,242.0,0.0,0.0,0.0,0.0,1
C00164,23.0,1.0,4.0,113.27,0.24999993750001562,0
C00165,262.0,0.0,0.0,0.0,0.0,1
C00166,9.0,1.0,2.0,125.63,0.499999750000125,0
C00167,9.0,2.0,7.0,243.13,0.285714244897965,0
C00168,0.0,6.0,7.0,172.13,0.857142734693895,0
C00169,6.0,10.0,23.0,1088.51,0.4347825897920613,0
C00170,37.0,0.0,1.0,27.87,0.0,1
C00171,10.0,2.0,6.0,387.84000000000003,0.33333327777778704,0
C00172,5.0,6.0,20.0,1114.38,0.29999998500000075,0
C00173,105.0,0.0,0.0,0.0,0.0,1
C00174,0.0,5.0,20.0,959.8699999999999,0.2499999875000006,0
C00175,30.0,0.0,3.0,85.13,0.0,1
C00177,31.0,0.0,2.0,37.989999999999995,0.0,1
C00178,22.0,1.0,4.0,268.7,0.24999993750001562,1
C00179,160.0,0.0,0.0,0.0,0.0,0
C00180,13.0,1.0,1.0,68.77,0.9999990000010001,0
C00181,4.0,3.0,8.0,480.56000000000006,0.3749999531250059,0
C00182,94.0,0.0,0.0,0.0,0.0,0
C00183,102.0,0.0,0.0,0.0,0.0,1
C00184,89.0,0.0,1.0,37.85,0.0,1
C00185,15.0,1.0,6.0,262.8,0.16666663888889352,0
C00186,60.0,0.0,1.0,10.17,0.0,1
C00187,46.0,0.0,6.0,346.02,0.0,1
C00188,124.0,0.0,0.0,0.0,0.0,0
C00189,8.0,2.0,5.0,202.26000000000002,0.399999920000016,0
C00190,2.0,6.0,21.0,971.9100000000001,0.28571427210884415,1
C00191,281.0,0.0,0.0,0.0,0.0,1
C00192,1.0,2.0,2.0,43.11,0.99999950000025,1
C00193,7.0,3.0,9.0,609.84,0.33333329629630043,0
C00194,139.0,0.0,0.0,0.0,0.0,1
C00195,15.0,1.0,4.0,311.47,0.24999993750001562,0
C00196,12.0,2.0,5.0,132.37,0.399999920000016,0
C00197,303.0,0.0,0.0,0.0,0.0,0
C00198,17.0,1.0,6.0,498.81,0.16666663888889352,0
C00199,19.0,2.0,2.0,86.75,0.99999950000025,1
C00200,17.0,1.0,2.0,48.510000000000005,0.499999750000125,1
C00201,267.0,0.0,0.0,0.0,0.0,1
C00202,4.0,8.0,26.0,1430.89,0.30769229585798863,0
C00204,146.0,0.0,0.0,0.0,0.0,1
C00205,196.0,0.0,0.0,0.0,0.0,0
C00206,2.0,2.0,4.0,209.01000000000002,0.49999987500003124,0
C00207,1.0,1.0,3.0,272.67,0.33333322222225925,1
C00208,7.0,1.0,1.0,23.97,0.9999990000010001,1
C00209,7.0,1.0,1.0,51.58,0.9999990000010001,1
C00210,47.0,0.0,1.0,27.88,0.0,0
C00211,146.0,0.0,0.0,0.0,0.0,1
C00212,49.0,0.0,1.0,2.18,0.0,0
C00213,1.0,1.0,2.0,41.42,0.499999750000125,1
C00214,8.0,4.0,9.0,538.6400000000001,0.44444439506173394,0
C00215,27.0,1.0,2.0,75.0,0.499999750000125,1
C00216,4.0,2.0,8.0,721.2,0.24999996875000394,0
C00217,6.0,2.0,7.0,161.51,0.285714244897965,0
C00218,68.0,0.0,2.0,170.3,0.0,1
C00219,62.0,0.0,2.0,67.54,0.0,1
C00220,343.0,0.0,0.0,0.0,0.0,1
C00221,33.0,0.0,7.0,357.9,0.0,1
C00222,5.0,2.0,7.0,381.29999999999995,0.285714244897965,1
C00223,1.0,4.0,8.0,319.35,0.4999999375000079,0
C00224,370.0,0.0,0.0,0.0,0.0,1
C00225,28.0,1.0,3.0,178.5,0.33333322222225925,1
C00226,2.0,6.0,14.0,780.2500000000001,0.42857139795918586,0
C00227,18.0,2.0,5.0,217.42,0.399999920000016,0
C00228,2.0,3.0,10.0,756.06,0.299999970000003,0
C00229,6.0,1.0,5.0,343.82000000000005,0.199999960000008,1
C00230,262.0,0.0,0.0,0.0,0.0,1
C00231,195.0,0.0,0.0,0.0,0.0,1
C00232,5.0,1.0,2.0,63.75,0.499999750000125,0
C00233,329.0,0.0,0.0,0.0,0.0,1
C00234,7.0,3.0,5.0,887.9200000000001,0.599999880000024,0
C00235,121.0,0.0,0.0,0.0,0.0,1
C00236,156.0,0.0,0.0,0.0,0.0,1
C00237,84.0,0.0,3.0,335.65999999999997,0.0,1
C00238,372.0,0.0,0.0,0.0,0.0,0
C00239,68.0,0.0,1.0,1.75,0.0,0
C00240,0.0,3.0,14.0,904.43,0.21428569897959293,0
C00241,17.0,1.0,2.0,93.69,0.499999750000125,1
C00242,45.0,0.0,1.0,59.32,0.0,0
C00243,1.0,7.0,33.0,2449.63,0.21212120569329682,0
C00244,5.0,1.0,2.0,67.36,0.499999750000125,0
C00246,22.0,2.0,3.0,243.82999999999998,0.6666664444445185,0
C00247,12.0,3.0,6.0,525.37,0.49999991666668053,0
C00248,12.0,2.0,10.0,338.54,0.19999998000000202,0
C00249,44.0,0.0,1.0,47.33,0.0,1
C00250,5.0,1.0,3.0,135.93,0.33333322222225925,1
C00251,23.0,1.0,3.0,119.92999999999999,0.33333322222225925,0
C00252,7.0,1.0,2.0,133.18,0.499999750000125,1
C00253,15.0,1.0,11.0,412.99,0.09090908264462885,0
C00254,6.0,1.0,7.0,427.86,0.1428571224489825,0
C00255,12.0,3.0,6.0,241.17,0.49999991666668053,1
C00256,12.0,2.0,4.0,198.44,0.49999987500003124,1
C00257,45.0,0.0,3.0,206.86999999999998,0.0,0
C00258,1.0,6.0,17.0,868.5,0.35294115570934376,0
C00259,245.0,0.0,0.0,0.0,0.0,1
C00260,15.0,1.0,5.0,115.59,0.199999960000008,0
C00261,137.0,0.0,0.0,0.0,0.0,1
C00262,2.0,5.0,17.0,861.12,0.2941176297577865,0
C00263,35.0,0.0,1.0,3.61,0.0,0
C00264,3.0,2.0,3.0,75.78999999999999,0.6666664444445185,0
C00265,3.0,4.0,7.0,734.8699999999999,0.57142848979593,0
C00266,4.0,1.0,3.0,221.93,0.33333322222225925,0
C00267,235.0,0.0,0.0,0.0,0.0,1
C00268,9.0,5.0,23.0,1781.0400000000002,0.21739129489603065,0
C00269,1.0,1.0,6.0,376.79,0.16666663888889352,1
C00270,14.0,1.0,2.0,67.59,0.499999750000125,1
C00271,222.0,0.0,0.0,0.0,0.0,0
C00272,30.0,0.0,2.0,252.17,0.0,0
C00273,12.0,3.0,5.0,145.3,0.599999880000024,1
C00274,4.0,1.0,8.0,339.68,0.12499998437500197,0
C00275,168.0,0.0,0.0,0.0,0.0,1
C00276,0.0,1.0,7.0,358.74999999999994,0.1428571224489825,1
C00277,69.0,0.0,1.0,61.01,0.0,1
C00278,15.0,2.0,10.0,554.88,0.19999998000000202,0
C00279,1.0,7.0,12.0,784.3100000000001,0.5833332847222263,0
C00280,25.0,2.0,2.0,67.89,0.99999950000025,0
C00281,116.0,0.0,0.0,0.0,0.0,1
C00282,1.0,7.0,10.0,419.49,0.699999930000007,0
C00283,1.0,2.0,4.0,126.34,0.49999987500003124,1
C00284,13.0,1.0,1.0,82.28,0.9999990000010001,1
C00285,29.0,1.0,1.0,50.27,0.9999990000010001,1
C00286,17.0,1.0,2.0,97.13,0.499999750000125,1
C00287,14.0,1.0,3.0,92.84,0.33333322222225925,0
C00288,358.0,0.0,0.0,0.0,0.0,1
C00289,8.0,1.0,1.0,23.47,0.9999990000010001,0
C00290,13.0,1.0,9.0,324.39,0.11111109876543349,0
C00291,371.0,0.0,0.0,0.0,0.0,1
C00292,13.0,1.0,6.0,598.13,0.16666663888889352,0
C00293,17.0,1.0,1.0,78.78,0.9999990000010001,1
C00294,41.0,0.0,2.0,164.13,0.0,1
C00295,1.0,5.0,19.0,1960.11,0.26315788088642733,0
C00296,22.0,1.0,2.0,116.03999999999999,0.499999750000125,0
C00297,28.0,1.0,8.0,388.92,0.12499998437500197,0
C00298,20.0,1.0,2.0,36.68,0.499999750000125,1
C00299,84.0,0.0,2.0,376.6,0.0,1
C00300,5.0,1.0,4.0,44.14,0.24999993750001562,0
C00301,252.0,0.0,0.0,0.0,0.0,1
C00302,4.0,3.0,4.0,334.16,0.7499998125000469,0
C00303,97.0,0.0,0.0,0.0,0.0,1
C00304,19.0,1.0,8.0,635.6199999999999,0.12499998437500197,0
C00305,11.0,2.0,7.0,566.14,0.285714244897965,0
C00306,337.0,0.0,0.0,0.0,0.0,1
C00307,3.0,1.0,4.0,88.76,0.24999993750001562,0
C00308,9.0,2.0,2.0,65.58,0.99999950000025,0
C00309,7.0,1.0,2.0,40.32,0.499999750000125,1
C00310,5.0,6.0,12.0,617.85,0.4999999583333368,0
C00311,1.0,4.0,8.0,777.54,0.4999999375000079,0
C00312,15.0,1.0,1.0,17.79,0.9999990000010001,1
C00313,286.0,0.0,0.0,0.0,0.0,1
C00314,9.0,3.0,14.0,586.53,0.21428569897959293,0
C00315,179.0,0.0,0.0,0.0,0.0,0
C00316,32.0,0.0,1.0,284.6,0.0,0
C00317,20.0,1.0,3.0,165.28,0.33333322222225925,0
C00318,4.0,2.0,4.0,169.26999999999998,0.49999987500003124,1
C00320,181.0,0.0,0.0,0.0,0.0,1
C00321,17.0,2.0,15.0,587.8599999999999,0.13333332444444504,0
C00322,3.0,4.0,9.0,848.55,0.44444439506173394,1
C00323,2.0,3.0,11.0,582.42,0.2727272479338866,0
C00324,13.0,2.0,11.0,451.34000000000003,0.1818181652892577,1
C00325,2.0,5.0,23.0,1663.7900000000002,0.21739129489603065,0
C00326,48.0,0.0,1.0,291.28,0.0,0
C00327,198.0,0.0,0.0,0.0,0.0,1
C00328,351.0,0.0,0.0,0.0,0.0,1
C00329,28.0,1.0,2.0,42.76,0.499999750000125,0
C00330,37.0,0.0,2.0,46.9,0.0,1
C00332,132.0,0.0,0.0,0.0,0.0,0
C00333,28.0,1.0,7.0,311.01,0.1428571224489825,1
C00334,258.0,0.0,0.0,0.0,0.0,1
C00335,9.0,1.0,3.0,128.63,0.33333322222225925,0
C00336,33.0,0.0,2.0,89.25999999999999,0.0,0
C00337,20.0,1.0,1.0,61.16,0.9999990000010001,1
C00338,10.0,1.0,1.0,11.55,0.9999990000010001,0
C00339,0.0,1.0,2.0,72.39999999999999,0.499999750000125,0
C00340,13.0,1.0,1.0,25.69,0.9999990000010001,1
C00341,3.0,4.0,7.0,222.34,0.57142848979593,1
C00342,71.0,0.0,2.0,81.95,0.0,1
C00343,13.0,1.0,3.0,163.0,0.33333322222225925,0
C00344,22.0,1.0,11.0,384.84,0.09090908264462885,0
C00345,53.0,0.0,1.0,34.7,0.0,1
C00346,5.0,1.0,2.0,261.23,0.499999750000125,0
C00347,15.0,2.0,4.0,241.91000000000003,0.49999987500003124,1
C00348,11.0,5.0,13.0,506.8299999999999,0.3846153550295881,0
C00350,28.0,1.0,2.0,146.26,0.499999750000125,0
C00351,216.0,0.0,0.0,0.0,0.0,1
C00352,173.0,0.0,0.0,0.0,0.0,1
C00353,44.0,0.0,1.0,76.21,0.0,1
C00354,2.0,5.0,24.0,1326.71,0.20833332465277812,0
C00355,3.0,5.0,11.0,687.51,0.4545454132231443,0
C00356,2.0,2.0,4.0,67.89,0.49999987500003124,1
C00357,65.0,0.0,1.0,12.81,0.0,1
C00358,11.0,1.0,3.0,316.13,0.33333322222225925,0
C00359,9.0,1.0,2.0,474.31,0.499999750000125,0
C00360,238.0,0.0,0.0,0.0,0.0,1
C00361,12.0,2.0,8.0,567.77,0.24999996875000394,0
C00362,10.0,3.0,5.0,292.09,0.599999880000024,0
C00363,59.0,0.0,1.0,4.38,0.0,1
C00365,392.0,0.0,0.0,0.0,0.0,0
C00366,35.0,0.0,3.0,108.92000000000002,0.0,0
C00367,41.0,0.0,2.0,276.26,0.0,0
C00368,14.0,2.0,12.0,407.81,0.16666665277777895,0
C00370,4.0,2.0,3.0,138.38,0.6666664444445185,0
C00371,19.0,1.0,1.0,18.48,0.9999990000010001,0
C00373,8.0,1.0,2.0,110.95,0.499999750000125,1
C00374,36.0,0.0,1.0,146.11,0.0,0
C00375,133.0,0.0,0.0,0.0,0.0,0
C00376,7.0,1.0,6.0,383.82,0.16666663888889352,1
C00377,2.0,2.0,7.0,629.31,0.285714244897965,0
C00378,6.0,1.0,4.0,590.64,0.24999993750001562,1
C00379,193.0,0.0,0.0,0.0,0.0,1
C00380,36.0,0.0,1.0,27.63,0.0,1
C00381,0.0,5.0,24.0,1103.47,0.20833332465277812,0
C00382,59.0,0.0,4.0,154.22,0.0,0
C00383,23.0,1.0,1.0,45.07,0.9999990000010001,0
C00384,342.0,0.0,0.0,0.0,0.0,1
C00385,28.0,1.0,5.0,287.11999999999995,0.199999960000008,0
C00386,6.0,2.0,9.0,563.37,0.22222219753086697,0
C00387,121.0,0.0,0.0,0.0,0.0,1
C00388,5.0,1.0,3.0,89.06,0.33333322222225925,0
C00389,33.0,0.0,3.0,96.84,0.0,0
C00390,27.0,1.0,2.0,74.09,0.499999750000125,1
C00391,3.0,3.0,12.0,1110.9900000000002,0.2499999791666684,0
C00392,43.0,0.0,3.0,368.03999999999996,0.0,0
C00393,406.0,0.0,0.0,0.0,0.0,1
C00394,11.0,1.0,2.0,130.75,0.499999750000125,0
C00395,28.0,1.0,1.0,58.55,0.9999990000010001,1
C00396,119.0,0.0,0.0,0.0,0.0,1
C00397,3.0,7.0,15.0,1075.42,0.46666663555555765,0
C00398,17.0,1.0,5.0,495.65,0.199999960000008,0
C00399,4.0,3.0,6.0,358.1700000000001,0.49999991666668053,0
C00400,60.0,0.0,1.0,47.31,0.0,1
C00401,20.0,1.0,3.0,135.06,0.33333322222225925,1
C00402,155.0,0.0,0.0,0.0,0.0,1
C00403,4.0,2.0,17.0,824.83,0.11764705190311459,0
C00404,38.0,0.0,3.0,161.07,0.0,1
C00405,21.0,1.0,8.0,626.79,0.12499998437500197,0
C00406,344.0,0.0,0.0,0.0,0.0,1
C00407,6.0,5.0,15.0,825.3100000000002,0.3333333111111126,0
C00408,13.0,1.0,5.0,305.17,0.199999960000008,0
C00409,39.0,0.0,1.0,52.2,0.0,1
C00410,7.0,1.0,3.0,149.95,0.33333322222225925,1
C00411,112.0,0.0,0.0,0.0,0.0,1
C00412,47.0,0.0,1.0,124.12,0.0,1
C00413,76.0,0.0,1.0,188.22,0.0,0
C00414,58.0,0.0,5.0,313.26,0.0,1
C00415,4.0,3.0,8.0,495.94,0.3749999531250059,0
C00416,174.0,0.0,0.0,0.0,0.0,1
C00417,0.0,3.0,7.0,169.68,0.4285713673469475,1
C00418,275.0,0.0,0.0,0.0,0.0,1
C00419,328.0,0.0,0.0,0.0,0.0,1
C00420,68.0,0.0,3.0,135.26,0.0,0
C00421,2.0,7.0,30.0,1294.8300000000002,0.2333333255555558,0
C00422,2.0,2.0,4.0,372.65000000000003,0.49999987500003124,0
C00423,1.0,10.0,29.0,2272.92,0.3448275743162905,0
C00424,6.0,1.0,4.0,294.25,0.24999993750001562,0
C00425,9.0,1.0,11.0,566.92,0.09090908264462885,0
C00426,305.0,0.0,0.0,0.0,0.0,1
C00427,0.0,2.0,5.0,292.99,0.399999920000016,0
C00428,10.0,4.0,8.0,525.59,0.4999999375000079,0
C00429,189.0,0.0,0.0,0.0,0.0,1
C00430,328.0,0.0,0.0,0.0,0.0,1
C00431,16.0,1.0,3.0,156.87,0.33333322222225925,1
C00432,17.0,1.0,6.0,410.41,0.16666663888889352,0
C00433,88.0,0.0,1.0,208.83,0.0,1
C00434,168.0,0.0,0.0,0.0,0.0,1
C00435,15.0,1.0,4.0,209.39000000000001,0.24999993750001562,0
C00436,2.0,2.0,4.0,365.73,0.49999987500003124,0
C00437,72.0,0.0,2.0,53.19,0.0,0
C00438,29.0,1.0,4.0,211.97,0.24999993750001562,1
C00439,28.0,1.0,1.0,23.95,0.9999990000010001,0
C00440,0.0,4.0,7.0,470.0,0.57142848979593,1
C00441,113.0,0.0,0.0,0.0,0.0,1
C00442,361.0,0.0,0.0,0.0,0.0,0
C00443,97.0,0.0,0.0,0.0,0.0,1
C00444,13.0,1.0,3.0,367.74,0.33333322222225925,1
C00445,14.0,1.0,4.0,261.26,0.24999993750001562,0
C00446,323.0,0.0,0.0,0.0,0.0,1
C00447,319.0,0.0,0.0,0.0,0.0,1
C00448,252.0,0.0,0.0,0.0,0.0,1
C00449,102.0,0.0,0.0,0.0,0.0,1
C00450,16.0,1.0,5.0,437.52,0.199999960000008,0
C00451,5.0,3.0,5.0,323.54,0.599999880000024,0
C00452,5.0,3.0,11.0,1090.4,0.2727272479338866,1
C00453,72.0,0.0,4.0,228.89999999999998,0.0,0
C00454,359.0,0.0,0.0,0.0,0.0,1
C00455,14.0,2.0,3.0,119.12,0.6666664444445185,1
C00456,20.0,2.0,3.0,140.5,0.6666664444445185,1
C00457,4.0,1.0,1.0,113.49,0.9999990000010001,1
C00458,187.0,0.0,0.0,0.0,0.0,1
C00459,34.0,0.0,2.0,78.29,0.0,0
C00460,48.0,0.0,2.0,60.42,0.0,0
C00461,111.0,0.0,0.0,0.0,0.0,1
C00462,1.0,6.0,13.0,575.64,0.4615384260355057,0
C00464,0.0,2.0,4.0,223.52999999999997,0.49999987500003124,0
C00465,17.0,1.0,6.0,240.54,0.16666663888889352,0
C00468,26.0,1.0,2.0,94.88,0.499999750000125,1
C00469,15.0,2.0,10.0,797.03,0.19999998000000202,0
C00470,0.0,3.0,5.0,279.98,0.599999880000024,0
C00471,10.0,2.0,2.0,50.4,0.99999950000025,1
C00472,46.0,0.0,3.0,311.26,0.0,1
C00473,13.0,1.0,10.0,546.13,0.09999999000000101,0
C00474,3.0,1.0,2.0,55.980000000000004,0.499999750000125,0
C00475,5.0,3.0,11.0,746.1700000000001,0.2727272479338866,0
C00476,0.0,5.0,16.0,856.72,0.3124999804687512,0
C00478,6.0,2.0,8.0,390.84,0.24999996875000394,1
C00479,8.0,4.0,7.0,269.69,0.57142848979593,0
C00480,56.0,0.0,2.0,46.33,0.0,1
C00481,6.0,1.0,3.0,320.72,0.33333322222225925,0
C00482,12.0,1.0,1.0,104.69,0.9999990000010001,0
C00483,10.0,1.0,2.0,41.050000000000004,0.499999750000125,1
C00484,4.0,2.0,4.0,343.33,0.49999987500003124,0
C00485,34.0,0.0,3.0,95.79,0.0,0
C00486,27.0,1.0,5.0,311.37,0.199999960000008,0
C00487,8.0,3.0,3.0,315.94,0.9999996666667778,0
C00488,1.0,5.0,12.0,507.1700000000001,0.41666663194444736,0
C00489,21.0,1.0,1.0,64.0,0.9999990000010001,1
C00490,3.0,4.0,15.0,1073.44,0.2666666488888901,0
C00491,78.0,0.0,1.0,54.44,0.0,0
C00492,7.0,2.0,7.0,254.20000000000002,0.285714244897965,0
C00493,2.0,5.0,14.0,909.8899999999998,0.3571428316326549,0
C00494,3.0,1.0,2.0,152.84,0.499999750000125,1
C00495,16.0,1.0,4.0,208.83,0.24999993750001562,1
C00496,15.0,1.0,10.0,634.0300000000001,0.09999999000000101,0
C00497,4.0,2.0,11.0,729.19,0.1818181652892577,0
C00498,132.0,0.0,0.0,0.0,0.0,0
C00499,3.0,1.0,2.0,95.62,0.499999750000125,0
C00501,30.0,0.0,4.0,327.94,0.0,0
C00502,37.0,0.0,4.0,85.04,0.0,1
C00503,2.0,2.0,8.0,149.6,0.24999996875000394,1
C00504,4.0,3.0,6.0,386.09,0.49999991666668053,0
C00505,264.0,0.0,0.0,0.0,0.0,0
C00507,4.0,7.0,15.0,723.3399999999999,0.46666663555555765,0
C00508,15.0,1.0,2.0,190.41,0.499999750000125,1
C00509,13.0,3.0,9.0,656.51,0.33333329629630043,0
C00510,38.0,0.0,1.0,12.91,0.0,0
C00511,48.0,0.0,1.0,79.65,0.0,0
C00512,108.0,0.0,0.0,0.0,0.0,0
C00513,5.0,2.0,5.0,130.84,0.399999920000016,1
C00514,1.0,1.0,1.0,31.4,0.9999990000010001,1
C00515,10.0,2.0,18.0,954.3,0.11111110493827195,0
C00516,263.0,0.0,0.0,0.0,0.0,1
C00517,11.0,1.0,2.0,47.7,0.499999750000125,0
C00518,38.0,0.0,1.0,69.44,0.0,0
C00520,313.0,0.0,0.0,0.0,0.0,1
C00521,4.0,1.0,1.0,13.52,0.9999990000010001,1
C00522,27.0,1.0,1.0,7.99,0.9999990000010001,0
C00523,14.0,2.0,8.0,489.5,0.24999996875000394,0
C00524,38.0,0.0,1.0,66.52,0.0,1
C00525,7.0,1.0,3.0,246.95,0.33333322222225925,0
C00526,39.0,0.0,4.0,174.38,0.0,1
C00527,1.0,2.0,2.0,137.82999999999998,0.99999950000025,0
C00528,29.0,1.0,3.0,233.05,0.33333322222225925,0
C00529,19.0,1.0,3.0,81.42,0.33333322222225925,0
C00530,0.0,5.0,14.0,567.3000000000001,0.3571428316326549,0
C00531,12.0,2.0,2.0,83.69999999999999,0.99999950000025,0
C00532,54.0,0.0,1.0,11.09,0.0,1
C00533,65.0,0.0,4.0,100.48,0.0,0
C00534,15.0,1.0,4.0,178.83,0.24999993750001562,0
C00535,55.0,0.0,3.0,130.93,0.0,0
C00536,4.0,2.0,2.0,118.86,0.99999950000025,1
C00537,0.0,3.0,4.0,157.52,0.7499998125000469,1
C00538,38.0,0.0,2.0,77.19999999999999,0.0,1
C00539,177.0,0.0,0.0,0.0,0.0,1
C00540,42.0,0.0,3.0,301.14,0.0,0
C00541,59.0,0.0,3.0,132.0,0.0,1
C00542,60.0,0.0,2.0,149.63,0.0,1
C00543,263.0,0.0,0.0,0.0,0.0,1
C00544,332.0,0.0,0.0,0.0,0.0,1
C00545,432.0,0.0,0.0,0.0,0.0,1
C00546,222.0,0.0,0.0,0.0,0.0,1
C00547,27.0,1.0,3.0,164.5,0.33333322222225925,0
C00548,10.0,2.0,3.0,380.52,0.6666664444445185,0
C00549,27.0,1.0,10.0,498.11,0.09999999000000101,0
C00550,82.0,0.0,1.0,50.17,0.0,1
C00552,47.0,0.0,1.0,56.96,0.0,1
C00553,5.0,1.0,14.0,325.7899999999999,0.07142856632653098,0
C00554,123.0,0.0,0.0,0.0,0.0,1
C00555,170.0,0.0,0.0,0.0,0.0,1
C00556,14.0,2.0,6.0,309.36000000000007,0.33333327777778704,1
C00557,6.0,2.0,5.0,307.64,0.399999920000016,0
C00558,9.0,1.0,3.0,207.32,0.33333322222225925,1
C00559,49.0,0.0,3.0,159.31,0.0,0
C00560,80.0,0.0,1.0,43.94,0.0,1
C00561,13.0,1.0,13.0,673.8299999999999,0.07692307100591762,0
C00562,6.0,2.0,8.0,476.37,0.24999996875000394,0
C00563,50.0,0.0,1.0,129.53,0.0,1
C00564,1.0,1.0,4.0,184.25,0.24999993750001562,0
C00565,4.0,1.0,2.0,482.13,0.499999750000125,1
C00566,238.0,0.0,0.0,0.0,0.0,1
C00567,2.0,3.0,11.0,633.69,0.2727272479338866,0
C00568,0.0,4.0,6.0,205.54999999999998,0.6666665555555741,0
C00569,382.0,0.0,0.0,0.0,0.0,1
C00570,16.0,1.0,2.0,30.33,0.499999750000125,0
C00572,68.0,0.0,5.0,221.97000000000003,0.0,1
C00573,6.0,1.0,4.0,123.47999999999999,0.24999993750001562,0
C00574,43.0,0.0,1.0,2.3,0.0,1
C00575,1.0,5.0,16.0,613.0699999999999,0.3124999804687512,0
C00576,122.0,0.0,0.0,0.0,0.0,1
C00577,70.0,0.0,1.0,68.51,0.0,0
C00578,29.0,1.0,4.0,222.20999999999998,0.24999993750001562,0
C00579,2.0,3.0,13.0,897.3600000000001,0.23076921301775286,0
C00580,6.0,1.0,4.0,392.71999999999997,0.24999993750001562,1
C00581,14.0,1.0,1.0,17.4,0.9999990000010001,0
C00582,13.0,3.0,10.0,556.9300000000001,0.299999970000003,0
C00583,53.0,0.0,3.0,98.98,0.0,1
C00584,12.0,2.0,5.0,277.2,0.399999920000016,1
C00585,10.0,1.0,2.0,110.07000000000001,0.499999750000125,0
C00586,222.0,0.0,0.0,0.0,0.0,1
C00587,15.0,2.0,4.0,160.54000000000002,0.49999987500003124,0
C00588,5.0,3.0,7.0,265.25,0.4285713673469475,0
C00589,402.0,0.0,0.0,0.0,0.0,1
C00590,71.0,0.0,3.0,80.32,0.0,1
C00592,277.0,0.0,0.0,0.0,0.0,0
C00593,69.0,0.0,2.0,186.25,0.0,0
C00594,28.0,1.0,4.0,282.34000000000003,0.24999993750001562,1
C00596,82.0,0.0,1.0,36.62,0.0,0
C00597,151.0,0.0,0.0,0.0,0.0,1
C00598,262.0,0.0,0.0,0.0,0.0,1
C00599,11.0,4.0,22.0,1378.09,0.18181817355371938,0
C00600,6.0,3.0,10.0,872.0600000000001,0.299999970000003,0
C00601,38.0,0.0,2.0,92.14,0.0,1
C00602,236.0,0.0,0.0,0.0,0.0,1
C00603,87.0,0.0,1.0,57.72,0.0,0
C00604,4.0,5.0,25.0,1089.85,0.19999999200000032,0
C00605,44.0,0.0,2.0,98.7,0.0,0
C00606,223.0,0.0,0.0,0.0,0.0,0
C00607,75.0,0.0,1.0,65.08,0.0,1
C00608,154.0,0.0,0.0,0.0,0.0,0
C00609,18.0,1.0,6.0,294.73,0.16666663888889352,0
C00610,43.0,0.0,2.0,68.66,0.0,1
C00611,60.0,0.0,1.0,29.05,0.0,0
C00612,37.0,0.0,3.0,169.37,0.0,1
C00613,3.0,5.0,11.0,362.02,0.4545454132231443,0
C00614,84.0,0.0,1.0,31.31,0.0,0
C00615,12.0,1.0,4.0,409.67,0.24999993750001562,1
C00616,47.0,0.0,4.0,173.01,0.0,1
C00617,45.0,0.0,3.0,140.41,0.0,0
C00618,41.0,0.0,6.0,528.76,0.0,0
C00619,144.0,0.0,0.0,0.0,0.0,1
C00620,6.0,2.0,6.0,295.72999999999996,0.33333327777778704,0
C00621,7.0,2.0,6.0,240.64,0.33333327777778704,0
C00622,91.0,0.0,0.0,0.0,0.0,1
C00623,4.0,2.0,2.0,15.84,0.99999950000025,0
C00624,319.0,0.0,0.0,0.0,0.0,1
C00625,6.0,2.0,10.0,509.7,0.19999998000000202,0
C00626,31.0,0.0,6.0,522.16,0.0,0
C00627,84.0,0.0,1.0,50.66,0.0,1
C00628,26.0,1.0,2.0,115.15,0.499999750000125,1
C00629,3.0,1.0,1.0,36.07,0.9999990000010001,1
C00630,45.0,0.0,1.0,7.4,0.0,1
C00631,1.0,2.0,5.0,216.63,0.399999920000016,0
C00633,51.0,0.0,3.0,149.04,0.0,0
C00634,5.0,1.0,4.0,305.93,0.24999993750001562,0
C00635,50.0,0.0,4.0,293.84000000000003,0.0,0
C00636,39.0,0.0,2.0,6.52,0.0,1
C00637,16.0,2.0,18.0,780.84,0.11111110493827195,0
C00638,2.0,2.0,6.0,359.31,0.33333327777778704,0
C00639,37.0,0.0,3.0,64.67,0.0,1
C00640,9.0,1.0,9.0,318.68000000000006,0.11111109876543349,0
C00641,50.0,0.0,1.0,8.96,0.0,1
C00642,29.0,1.0,2.0,196.89,0.499999750000125,0
C00643,30.0,0.0,11.0,436.88,0.0,0
C00644,53.0,0.0,1.0,63.74,0.0,0
C00645,13.0,1.0,3.0,124.03,0.33333322222225925,0
C00646,6.0,3.0,14.0,740.4399999999999,0.21428569897959293,1
C00647,298.0,0.0,0.0,0.0,0.0,1
C00648,74.0,0.0,1.0,0.61,0.0,1
C00649,41.0,0.0,2.0,211.46,0.0,0
C00650,65.0,0.0,1.0,45.18,0.0,1
C00651,10.0,4.0,9.0,456.41999999999996,0.44444439506173394,0
C00652,85.0,0.0,1.0,106.26,0.0,1
C00653,9.0,3.0,5.0,313.33,0.599999880000024,1
C00654,15.0,1.0,3.0,137.25,0.33333322222225925,1
C00655,0.0,5.0,8.0,680.97,0.6249999218750099,0
C00656,5.0,2.0,7.0,178.7,0.285714244897965,1
C00657,1.0,4.0,11.0,500.9700000000001,0.3636363305785154,0
C00658,26.0,1.0,4.0,168.54999999999998,0.24999993750001562,0
C00659,6.0,1.0,3.0,319.7,0.33333322222225925,0
C00660,9.0,3.0,11.0,490.32,0.2727272479338866,1
C00661,22.0,1.0,4.0,139.36,0.24999993750001562,0
C00662,318.0,0.0,0.0,0.0,0.0,1
C00663,84.0,0.0,1.0,28.96,0.0,1
C00664,266.0,0.0,0.0,0.0,0.0,1
C00665,46.0,0.0,2.0,94.83,0.0,0
C00666,1.0,3.0,8.0,692.3299999999999,0.3749999531250059,0
C00667,8.0,3.0,10.0,545.64,0.299999970000003,0
C00668,0.0,2.0,3.0,263.95,0.6666664444445185,1
C00669,14.0,3.0,6.0,278.07,0.49999991666668053,0
C00670,0.0,6.0,8.0,371.81,0.7499999062500118,0
C00671,23.0,2.0,4.0,115.41000000000001,0.49999987500003124,0
C00672,4.0,1.0,5.0,190.73000000000002,0.199999960000008,0
C00674,4.0,3.0,6.0,354.76,0.49999991666668053,0
C00675,11.0,3.0,9.0,573.4,0.33333329629630043,1
C00676,4.0,4.0,14.0,729.0200000000001,0.2857142653061239,0
C00677,257.0,0.0,0.0,0.0,0.0,1
C00678,7.0,1.0,1.0,40.28,0.9999990000010001,1
C00679,268.0,0.0,0.0,0.0,0.0,1
C00680,36.0,0.0,6.0,499.38,0.0,0
C00681,123.0,0.0,0.0,0.0,0.0,1
C00682,1.0,2.0,10.0,533.1200000000001,0.19999998000000202,0
C00683,274.0,0.0,0.0,0.0,0.0,1
C00684,77.0,0.0,1.0,15.41,0.0,1
C00685,7.0,2.0,6.0,347.31,0.33333327777778704,0
C00686,21.0,1.0,2.0,164.29,0.499999750000125,1
C00687,33.0,0.0,9.0,630.3399999999999,0.0,0
C00688,2.0,13.0,57.0,3505.63,0.2280701714373654,0
C00689,10.0,1.0,3.0,233.29000000000002,0.33333322222225925,1
C00690,0.0,1.0,2.0,100.32,0.499999750000125,1
C00691,154.0,0.0,0.0,0.0,0.0,1
C00692,2.0,3.0,8.0,422.51,0.3749999531250059,0
C00693,1.0,5.0,12.0,659.16,0.41666663194444736,0
C00694,25.0,1.0,1.0,48.93,0.9999990000010001,1
C00695,0.0,5.0,20.0,1024.3300000000002,0.2499999875000006,0
C00696,8.0,1.0,1.0,141.93,0.9999990000010001,1
C00697,2.0,2.0,5.0,263.32000000000005,0.399999920000016,0
C00698,14.0,2.0,4.0,122.45,0.49999987500003124,1
C00699,18.0,1.0,3.0,416.0,0.33333322222225925,0
C00700,31.0,0.0,2.0,39.46,0.0,0
C00701,10.0,3.0,6.0,428.09000000000003,0.49999991666668053,0
C00702,21.0,1.0,2.0,25.48,0.499999750000125,0
C00703,1.0,4.0,8.0,325.51,0.4999999375000079,1
C00704,7.0,2.0,7.0,339.78999999999996,0.285714244897965,0
C00705,58.0,0.0,1.0,16.92,0.0,1
C00706,14.0,3.0,7.0,320.24,0.4285713673469475,0
C00707,269.0,0.0,0.0,0.0,0.0,1
C00708,4.0,1.0,3.0,332.12,0.33333322222225925,0
C00709,16.0,1.0,1.0,24.24,0.9999990000010001,0
C00710,58.0,0.0,1.0,155.17,0.0,1
C00711,17.0,1.0,2.0,147.14,0.499999750000125,1
C00712,54.0,0.0,1.0,22.57,0.0,0
C00713,21.0,2.0,8.0,448.06,0.24999996875000394,0
C00714,0.0,3.0,5.0,283.35,0.599999880000024,0
C00715,9.0,2.0,8.0,294.28,0.24999996875000394,0
C00716,7.0,2.0,7.0,461.33000000000004,0.285714244897965,0
C00717,156.0,0.0,0.0,0.0,0.0,0
C00718,193.0,0.0,0.0,0.0,0.0,1
C00719,4.0,2.0,3.0,162.79,0.6666664444445185,0
C00720,59.0,0.0,1.0,27.24,0.0,1
C00721,327.0,0.0,0.0,0.0,0.0,1
C00722,1.0,1.0,1.0,55.85,0.9999990000010001,1
C00723,21.0,1.0,1.0,34.92,0.9999990000010001,0
C00724,29.0,1.0,3.0,622.56,0.33333322222225925,1
C00725,6.0,1.0,1.0,9.46,0.9999990000010001,0
C00726,50.0,0.0,2.0,92.02,0.0,1
C00727,40.0,0.0,4.0,245.49,0.0,0
C00728,1.0,3.0,11.0,615.2900000000001,0.2727272479338866,0
C00729,70.0,0.0,2.0,279.46000000000004,0.0,1
C00730,35.0,0.0,1.0,20.07,0.0,1
C00731,70.0,0.0,1.0,57.75,0.0,0
C00732,2.0,4.0,10.0,1247.17,0.39999996000000404,0
C00733,49.0,0.0,1.0,51.0,0.0,0
C00734,11.0,1.0,2.0,363.6,0.499999750000125,1
C00735,138.0,0.0,0.0,0.0,0.0,1
C00736,19.0,1.0,1.0,10.03,0.9999990000010001,0
C00737,198.0,0.0,0.0,0.0,0.0,1
C00738,2.0,1.0,1.0,11.63,0.9999990000010001,1
C00739,420.0,0.0,0.0,0.0,0.0,1
C00740,5.0,2.0,6.0,214.73999999999998,0.33333327777778704,0
C00741,27.0,1.0,2.0,47.910000000000004,0.499999750000125,0
C00742,77.0,0.0,2.0,63.0,0.0,0
C00743,217.0,0.0,0.0,0.0,0.0,0
C00744,25.0,1.0,1.0,108.07,0.9999990000010001,1
C00745,72.0,0.0,1.0,47.06,0.0,1
C00746,9.0,3.0,5.0,201.28,0.599999880000024,1
C00747,26.0,1.0,4.0,250.0,0.24999993750001562,0
C00748,38.0,0.0,2.0,116.6,0.0,1
C00749,12.0,2.0,4.0,187.82,0.49999987500003124,1
C00750,1.0,2.0,7.0,232.76999999999998,0.285714244897965,0
C00751,16.0,1.0,2.0,54.620000000000005,0.499999750000125,1
C00752,15.0,2.0,6.0,563.1199999999999,0.33333327777778704,0
C00753,26.0,1.0,1.0,52.29,0.9999990000010001,1
C00754,1.0,2.0,6.0,605.47,0.33333327777778704,0
C00755,83.0,0.0,1.0,25.79,0.0,1
C00756,28.0,1.0,1.0,52.78,0.9999990000010001,1
C00757,22.0,2.0,6.0,298.21,0.33333327777778704,0
C00758,5.0,4.0,6.0,540.51,0.6666665555555741,0
C00759,37.0,0.0,3.0,98.03999999999999,0.0,1
C00760,21.0,1.0,1.0,18.36,0.9999990000010001,1
C00761,8.0,2.0,12.0,687.77,0.16666665277777895,0
C00762,26.0,1.0,2.0,41.2,0.499999750000125,1
C00763,1.0,10.0,44.0,2728.68,0.22727272210743815,0
C00764,37.0,0.0,1.0,37.72,0.0,1
C00765,129.0,0.0,0.0,0.0,0.0,1
C00766,4.0,4.0,7.0,524.4399999999999,0.57142848979593,0
C00767,21.0,1.0,6.0,218.01,0.16666663888889352,0
C00768,6.0,4.0,11.0,545.35,0.3636363305785154,0
C00769,9.0,1.0,1.0,128.23,0.9999990000010001,1
C00770,5.0,2.0,7.0,274.62,0.285714244897965,0
C00771,0.0,1.0,6.0,855.39,0.16666663888889352,0
C00772,1.0,4.0,13.0,689.99,0.3076922840236705,0
C00773,13.0,2.0,9.0,276.57,0.22222219753086697,0
C00774,213.0,0.0,0.0,0.0,0.0,1
C00775,6.0,2.0,6.0,182.0,0.33333327777778704,0
C00776,119.0,0.0,0.0,0.0,0.0,1
C00777,113.0,0.0,0.0,0.0,0.0,1
C00778,20.0,3.0,26.0,2734.77,0.11538461094674572,0
C00779,15.0,2.0,8.0,480.36,0.24999996875000394,0
C00780,21.0,1.0,4.0,145.8,0.24999993750001562,0
C00782,4.0,1.0,3.0,47.31,0.33333322222225925,0
C00783,55.0,0.0,1.0,22.71,0.0,1
C00784,14.0,1.0,2.0,254.41000000000003,0.499999750000125,0
C00785,52.0,0.0,1.0,95.69,0.0,1
C00786,1.0,2.0,6.0,203.13,0.33333327777778704,0
C00787,22.0,1.0,1.0,14.43,0.9999990000010001,1
C00788,12.0,1.0,5.0,215.14000000000001,0.199999960000008,0
C00789,0.0,8.0,37.0,2073.6,0.21621621037253486,0
C00790,25.0,1.0,2.0,82.75,0.499999750000125,0
C00791,33.0,0.0,3.0,204.95999999999998,0.0,1
C00792,112.0,0.0,0.0,0.0,0.0,1
C00793,3.0,3.0,12.0,1212.85,0.2499999791666684,0
C00794,117.0,0.0,0.0,0.0,0.0,1
C00795,40.0,0.0,4.0,338.29999999999995,0.0,0
C00796,20.0,1.0,1.0,39.24,0.9999990000010001,1
C00797,30.0,0.0,3.0,263.69,0.0,0
C00798,154.0,0.0,0.0,0.0,0.0,0
C00799,13.0,3.0,10.0,969.81,0.299999970000003,0
C00801,39.0,0.0,3.0,96.53999999999999,0.0,0
C00802,0.0,4.0,11.0,424.69999999999993,0.3636363305785154,0
C00803,5.0,2.0,4.0,320.22,0.49999987500003124,1
C00804,45.0,0.0,1.0,21.02,0.0,1
C00805,33.0,0.0,2.0,90.99000000000001,0.0,0
C00806,121.0,0.0,0.0,0.0,0.0,1
C00807,3.0,1.0,5.0,270.6,0.199999960000008,0
C00808,4.0,1.0,1.0,56.72,0.9999990000010001,1
C00809,307.0,0.0,0.0,0.0,0.0,1
C00810,233.0,0.0,0.0,0.0,0.0,1
C00811,1.0,1.0,4.0,177.82999999999998,0.24999993750001562,0
C00812,133.0,0.0,0.0,0.0,0.0,1
C00813,17.0,1.0,1.0,27.56,0.9999990000010001,1
C00814,10.0,2.0,4.0,237.8,0.49999987500003124,1
C00815,1.0,3.0,20.0,623.07,0.14999999250000037,0
C00816,76.0,0.0,3.0,112.99000000000001,0.0,0
C00817,17.0,4.0,17.0,1295.78,0.23529410380622917,0
C00818,39.0,0.0,5.0,221.98,0.0,0
C00819,0.0,2.0,6.0,639.09,0.33333327777778704,0
C00820,3.0,2.0,7.0,377.58000000000004,0.285714244897965,0
C00821,0.0,6.0,8.0,755.79,0.7499999062500118,0
C00822,17.0,2.0,10.0,393.34999999999997,0.19999998000000202,0
C00823,84.0,0.0,1.0,21.72,0.0,1
C00824,113.0,0.0,0.0,0.0,0.0,0
C00825,59.0,0.0,10.0,541.3299999999999,0.0,0
C00827,11.0,1.0,4.0,370.05999999999995,0.24999993750001562,0
C00828,9.0,2.0,7.0,971.43,0.285714244897965,0
C00829,0.0,3.0,10.0,313.61,0.299999970000003,0
C00830,19.0,1.0,5.0,227.13000000000002,0.199999960000008,0
C00831,16.0,1.0,2.0,66.9,0.499999750000125,0
C00832,1.0,3.0,6.0,347.55999999999995,0.49999991666668053,0
C00833,3.0,4.0,10.0,784.48,0.39999996000000404,0
C00834,26.0,1.0,3.0,299.48,0.33333322222225925,1
C00835,6.0,11.0,40.0,1593.8200000000002,0.2749999931250002,0
C00836,10.0,1.0,1.0,23.97,0.9999990000010001,0
C00837,17.0,1.0,9.0,1029.79,0.11111109876543349,0
C00838,58.0,0.0,1.0,57.68,0.0,0
C00839,10.0,1.0,2.0,161.60999999999999,0.499999750000125,0
C00840,55.0,0.0,1.0,31.17,0.0,1
C00841,23.0,1.0,2.0,127.17,0.499999750000125,1
C00842,20.0,2.0,3.0,246.86,0.6666664444445185,0
C00843,7.0,3.0,6.0,481.31,0.49999991666668053,0
C00844,327.0,0.0,0.0,0.0,0.0,1
C00845,33.0,0.0,1.0,31.65,0.0,1
C00846,3.0,5.0,14.0,686.79,0.3571428316326549,0
C00847,56.0,0.0,2.0,157.23000000000002,0.0,1
C00849,44.0,0.0,3.0,121.14,0.0,1
C00850,3.0,1.0,1.0,3.35,0.9999990000010001,0
C00851,124.0,0.0,0.0,0.0,0.0,1
C00852,4.0,3.0,4.0,256.95,0.7499998125000469,1
C00853,83.0,0.0,2.0,135.55,0.0,1
C00854,275.0,0.0,0.0,0.0,0.0,1
C00855,7.0,4.0,9.0,563.77,0.44444439506173394,0
C00856,79.0,0.0,1.0,459.17,0.0,0
C00857,18.0,1.0,4.0,105.22,0.24999993750001562,0
C00858,51.0,0.0,2.0,80.87,0.0,1
C00859,13.0,1.0,2.0,66.23,0.499999750000125,0
C00860,38.0,0.0,1.0,31.87,0.0,0
C00861,249.0,0.0,0.0,0.0,0.0,1
C00862,49.0,0.0,1.0,7.05,0.0,0
C00863,1.0,8.0,14.0,1044.52,0.5714285306122479,0
C00864,89.0,0.0,1.0,29.32,0.0,1
C00865,3.0,1.0,3.0,148.14,0.33333322222225925,1
C00866,4.0,2.0,13.0,794.8499999999999,0.15384614201183525,0
C00867,11.0,1.0,2.0,110.07000000000001,0.499999750000125,0
C00868,54.0,0.0,1.0,16.84,0.0,1
C00869,63.0,0.0,1.0,94.94,0.0,1
C00870,18.0,1.0,3.0,90.25999999999999,0.33333322222225925,1
C00871,292.0,0.0,0.0,0.0,0.0,1
C00872,52.0,0.0,2.0,110.84,0.0,1
C00873,23.0,1.0,2.0,186.58,0.499999750000125,1
C00874,68.0,0.0,2.0,43.47,0.0,1
C00875,9.0,5.0,15.0,874.0100000000001,0.3333333111111126,0
C00876,124.0,0.0,0.0,0.0,0.0,1
C00877,2.0,2.0,4.0,260.29,0.49999987500003124,1
C00878,7.0,3.0,4.0,234.42,0.7499998125000469,0
C00879,55.0,0.0,2.0,210.41000000000003,0.0,0
C00880,37.0,0.0,4.0,135.61999999999998,0.0,1
C00881,31.0,0.0,2.0,24.9,0.0,0
C00882,208.0,0.0,0.0,0.0,0.0,1
C00883,2.0,3.0,22.0,1199.18,0.13636363016528952,0
C00884,0.0,9.0,43.0,3364.6099999999997,0.20930232071389954,0
C00886,69.0,0.0,1.0,32.19,0.0,0
C00887,22.0,1.0,6.0,385.94,0.16666663888889352,0
C00888,47.0,0.0,2.0,81.9,0.0,1
C00890,91.0,0.0,0.0,0.0,0.0,1
C00891,9.0,3.0,10.0,625.0799999999999,0.299999970000003,0
C00892,11.0,2.0,8.0,610.75,0.24999996875000394,0
C00893,3.0,1.0,8.0,342.13,0.12499998437500197,0
C00894,19.0,1.0,2.0,212.05,0.499999750000125,0
C00895,12.0,1.0,3.0,375.53,0.33333322222225925,1
C00896,16.0,1.0,6.0,183.09000000000003,0.16666663888889352,0
C00897,15.0,2.0,4.0,220.23,0.49999987500003124,0
C00898,69.0,0.0,2.0,94.78999999999999,0.0,0
C00899,70.0,0.0,1.0,33.38,0.0,1
C00900,11.0,1.0,4.0,127.30999999999999,0.24999993750001562,0
C00901,71.0,0.0,1.0,37.14,0.0,1
C00902,2.0,2.0,4.0,318.57,0.49999987500003124,1
C00903,51.0,0.0,5.0,228.91000000000003,0.0,1
C00904,197.0,0.0,0.0,0.0,0.0,0
C00905,45.0,0.0,1.0,121.44,0.0,1
C00906,24.0,1.0,2.0,78.57,0.499999750000125,1
C00907,66.0,0.0,4.0,19.590000000000003,0.0,0
C00908,4.0,1.0,4.0,407.41,0.24999993750001562,0
C00910,29.0,1.0,1.0,125.89,0.9999990000010001,0
C00911,67.0,0.0,1.0,50.24,0.0,1
C00912,35.0,0.0,2.0,69.34,0.0,0
C00913,38.0,0.0,1.0,7.85,0.0,1
C00914,9.0,1.0,2.0,50.19,0.499999750000125,1
C00915,80.0,0.0,1.0,6.27,0.0,1
C00916,68.0,0.0,2.0,28.79,0.0,1
C00917,2.0,3.0,7.0,281.22999999999996,0.4285713673469475,0
C00918,19.0,2.0,12.0,548.8700000000001,0.16666665277777895,1
C00919,77.0,0.0,1.0,28.4,0.0,1
C00920,32.0,0.0,2.0,238.19,0.0,1
C00921,12.0,2.0,8.0,382.03,0.24999996875000394,0
C00922,94.0,0.0,0.0,0.0,0.0,0
C00923,56.0,0.0,1.0,49.91,0.0,1
C00924,15.0,2.0,14.0,598.0899999999999,0.14285713265306196,0
C00925,16.0,1.0,4.0,210.05,0.24999993750001562,0
C00926,356.0,0.0,0.0,0.0,0.0,1
C00927,59.0,0.0,1.0,19.91,0.0,0
C00928,17.0,3.0,4.0,226.57000000000002,0.7499998125000469,1
C00929,10.0,1.0,1.0,83.21,0.9999990000010001,1
C00930,195.0,0.0,0.0,0.0,0.0,0
C00931,17.0,1.0,5.0,219.57000000000002,0.199999960000008,0
C00932,7.0,1.0,2.0,178.66,0.499999750000125,0
C00933,23.0,1.0,1.0,12.38,0.9999990000010001,0
C00934,5.0,1.0,6.0,189.65999999999997,0.16666663888889352,0
C00935,28.0,1.0,2.0,149.53,0.499999750000125,1
C00936,104.0,0.0,0.0,0.0,0.0,1
C00937,40.0,0.0,1.0,8.32,0.0,1
C00938,337.0,0.0,0.0,0.0,0.0,1
C00939,18.0,3.0,3.0,322.39,0.9999996666667778,0
C00940,206.0,0.0,0.0,0.0,0.0,0
C00941,1.0,4.0,6.0,211.76999999999998,0.6666665555555741,1
C00942,95.0,0.0,0.0,0.0,0.0,1
C00943,2.0,6.0,14.0,578.0600000000001,0.42857139795918586,0
C00944,4.0,3.0,4.0,131.29,0.7499998125000469,1
C00945,77.0,0.0,1.0,72.1,0.0,1
C00946,1.0,3.0,18.0,494.47999999999996,0.1666666574074079,0
C00947,1.0,1.0,1.0,133.24,0.9999990000010001,1
C00948,2.0,1.0,1.0,49.91,0.9999990000010001,1
C00949,25.0,1.0,4.0,145.73,0.24999993750001562,1
C00950,309.0,0.0,0.0,0.0,0.0,1
C00951,147.0,0.0,0.0,0.0,0.0,1
C00952,395.0,0.0,0.0,0.0,0.0,1
C00953,7.0,2.0,5.0,307.21,0.399999920000016,0
C00954,0.0,1.0,6.0,597.9300000000001,0.16666663888889352,0
C00955,44.0,0.0,3.0,217.04000000000002,0.0,1
C00956,16.0,1.0,2.0,106.81,0.499999750000125,1
C00957,4.0,1.0,13.0,518.4899999999999,0.07692307100591762,0
C00958,69.0,0.0,1.0,27.41,0.0,1
C00959,4.0,5.0,12.0,650.0500000000001,0.41666663194444736,0
C00960,7.0,6.0,12.0,817.9200000000001,0.4999999583333368,0
C00961,16.0,1.0,3.0,248.48999999999998,0.33333322222225925,0
C00962,50.0,0.0,3.0,148.29,0.0,1
C00963,1.0,9.0,30.0,1864.5400000000002,0.2999999900000003,0
C00964,92.0,0.0,0.0,0.0,0.0,0
C00965,0.0,5.0,14.0,777.3299999999999,0.3571428316326549,0
C00966,1.0,7.0,15.0,574.96,0.46666663555555765,0
C00967,6.0,2.0,5.0,208.57000000000002,0.399999920000016,1
C00968,14.0,1.0,1.0,217.73,0.9999990000010001,0
C00969,8.0,2.0,6.0,335.99,0.33333327777778704,0
C00970,8.0,2.0,3.0,180.53,0.6666664444445185,0
C00971,177.0,0.0,0.0,0.0,0.0,1
C00972,37.0,0.0,4.0,236.2,0.0,1
C00973,14.0,1.0,3.0,20.7,0.33333322222225925,1
C00974,90.0,0.0,0.0,0.0,0.0,0
C00975,4.0,4.0,11.0,635.52,0.3636363305785154,0
C00976,6.0,2.0,2.0,101.99000000000001,0.99999950000025,1
C00978,29.0,1.0,2.0,88.27,0.499999750000125,0
C00979,10.0,2.0,4.0,146.02,0.49999987500003124,0
C00980,49.0,0.0,2.0,78.39999999999999,0.0,0
C00981,1.0,5.0,19.0,901.43,0.26315788088642733,0
C00982,7.0,2.0,2.0,221.32,0.99999950000025,1
C00983,66.0,0.0,1.0,8.85,0.0,0
C00984,217.0,0.0,0.0,0.0,0.0,1
C00985,37.0,0.0,3.0,81.78,0.0,0
C00986,2.0,1.0,5.0,192.11,0.199999960000008,0
C00987,92.0,0.0,0.0,0.0,0.0,1
C00988,1.0,5.0,35.0,2305.94,0.14285713877551032,0
C00989,5.0,3.0,5.0,859.4900000000001,0.599999880000024,1
C00990,21.0,2.0,2.0,347.24,0.99999950000025,1
C00991,20.0,1.0,3.0,171.01,0.33333322222225925,1
C00992,5.0,2.0,6.0,488.36,0.33333327777778704,0
C00993,8.0,1.0,3.0,63.769999999999996,0.33333322222225925,0
C00994,2.0,3.0,6.0,346.92,0.49999991666668053,0
C00995,120.0,0.0,0.0,0.0,0.0,0
C00996,12.0,1.0,2.0,174.71,0.499999750000125,1
C00997,23.0,1.0,5.0,378.56,0.199999960000008,1
C00998,23.0,1.0,4.0,160.93,0.24999993750001562,1
C00999,104.0,0.0,0.0,0.0,0.0,1
C01000,24.0,1.0,2.0,51.06,0.499999750000125,0
C01001,18.0,1.0,4.0,509.9,0.24999993750001562,0
C01002,82.0,0.0,2.0,10.71,0.0,1
C01003,68.0,0.0,1.0,23.55,0.0,1
C01004,4.0,2.0,4.0,294.03,0.49999987500003124,1
C01005,1.0,1.0,13.0,426.57,0.07692307100591762,0
C01006,3.0,2.0,7.0,223.67999999999998,0.285714244897965,0
C01007,166.0,0.0,0.0,0.0,0.0,0
C01009,3.0,4.0,6.0,594.0999999999999,0.6666665555555741,0
C01010,235.0,0.0,0.0,0.0,0.0,0
C01011,25.0,1.0,6.0,416.61,0.16666663888889352,0
C01012,5.0,2.0,14.0,566.08,0.14285713265306196,0
C01013,3.0,7.0,18.0,912.35,0.3888888672839518,0
C01014,34.0,0.0,1.0,36.78,0.0,1
C01015,4.0,2.0,3.0,121.32,0.6666664444445185,1
C01016,3.0,2.0,4.0,195.23000000000002,0.49999987500003124,0
C01017,0.0,1.0,13.0,739.7199999999999,0.07692307100591762,0
C01018,21.0,2.0,3.0,90.64,0.6666664444445185,0
C01019,43.0,0.0,2.0,118.37,0.0,0
C01020,5.0,2.0,3.0,67.16,0.6666664444445185,0
C01021,43.0,0.0,2.0,181.23,0.0,0
C01022,27.0,1.0,1.0,29.25,0.9999990000010001,1
C01023,84.0,0.0,2.0,416.37,0.0,1
C01024,1.0,6.0,13.0,377.35,0.4615384260355057,0
C01025,25.0,1.0,2.0,167.60999999999999,0.499999750000125,1
C01026,74.0,0.0,2.0,73.86,0.0,0
C01027,3.0,4.0,12.0,965.75,0.3333333055555579,0
C01028,237.0,0.0,0.0,0.0,0.0,1
C01029,86.0,0.0,1.0,23.69,0.0,0
C01030,37.0,0.0,2.0,74.81,0.0,1
C01031,86.0,0.0,2.0,62.879999999999995,0.0,0
C01032,0.0,1.0,3.0,58.900000000000006,0.33333322222225925,0
C01033,30.0,0.0,1.0,37.39,0.0,1
C01034,98.0,0.0,0.0,0.0,0.0,1
C01035,32.0,0.0,6.0,393.72,0.0,0
C01036,4.0,3.0,5.0,633.6099999999999,0.599999880000024,0
C01037,23.0,1.0,1.0,45.37,0.9999990000010001,1
C01038,34.0,0.0,1.0,46.24,0.0,1
C01039,36.0,0.0,2.0,224.86,0.0,0
C01040,0.0,1.0,2.0,64.98,0.499999750000125,1
C01042,186.0,0.0,0.0,0.0,0.0,1
C01043,1.0,2.0,4.0,413.45,0.49999987500003124,0
C01044,120.0,0.0,0.0,0.0,0.0,1
C01045,6.0,1.0,7.0,534.65,0.1428571224489825,0
C01046,13.0,4.0,15.0,915.0799999999999,0.2666666488888901,0
C01047,2.0,2.0,2.0,196.65,0.99999950000025,0
C01048,6.0,4.0,8.0,402.0,0.4999999375000079,0
C01049,83.0,0.0,1.0,58.71,0.0,1
C01050,345.0,0.0,0.0,0.0,0.0,1
C01051,0.0,4.0,13.0,507.27,0.3076922840236705,0
C01052,23.0,1.0,6.0,259.59000000000003,0.16666663888889352,0
C01053,35.0,0.0,5.0,411.09,0.0,1
C01054,26.0,1.0,5.0,127.36,0.199999960000008,0
C01055,338.0,0.0,0.0,0.0,0.0,1
C01056,5.0,4.0,10.0,536.29,0.39999996000000404,0
C01057,6.0,3.0,4.0,165.71,0.7499998125000469,0
C01058,324.0,0.0,0.0,0.0,0.0,0
C01059,0.0,1.0,2.0,49.55,0.499999750000125,0
C01060,0.0,4.0,5.0,136.86,0.799999840000032,1
C01061,0.0,1.0,1.0,188.55,0.9999990000010001,0
C01062,167.0,0.0,0.0,0.0,0.0,0
C01063,34.0,0.0,6.0,270.55,0.0,0
C01064,13.0,1.0,3.0,261.09999999999997,0.33333322222225925,0
C01065,198.0,0.0,0.0,0.0,0.0,0
C01066,98.0,0.0,0.0,0.0,0.0,0
C01067,44.0,0.0,1.0,176.31,0.0,1
C01068,28.0,1.0,11.0,825.5200000000001,0.09090908264462885,0
C01069,19.0,1.0,2.0,86.03999999999999,0.499999750000125,0
C01070,148.0,0.0,0.0,0.0,0.0,1
C01071,232.0,0.0,0.0,0.0,0.0,1
C01073,28.0,1.0,7.0,274.12,0.1428571224489825,1
C01074,6.0,1.0,4.0,188.67999999999998,0.24999993750001562,0
C01075,9.0,1.0,2.0,92.29,0.499999750000125,1
C01076,2.0,1.0,13.0,611.36,0.07692307100591762,0
C01077,14.0,2.0,5.0,201.27,0.399999920000016,1
C01078,2.0,3.0,9.0,763.23,0.33333329629630043,0
C01079,7.0,3.0,7.0,667.85,0.4285713673469475,1
C01080,60.0,0.0,1.0,143.31,0.0,0
C01081,5.0,4.0,17.0,1931.0600000000002,0.23529410380622917,0
C01082,1.0,4.0,17.0,959.0799999999999,0.23529410380622917,0
C01083,17.0,4.0,8.0,841.0,0.4999999375000079,0
C01084,6.0,1.0,2.0,58.14,0.499999750000125,1
C01085,6.0,1.0,2.0,128.11,0.499999750000125,0
C01086,41.0,0.0,7.0,412.49,0.0,1
C01087,215.0,0.0,0.0,0.0,0.0,1
C01088,11.0,1.0,2.0,22.880000000000003,0.499999750000125,0
C01089,24.0,1.0,11.0,1028.84,0.09090908264462885,0
C01090,60.0,0.0,1.0,15.2,0.0,1
C01091,6.0,1.0,4.0,164.83,0.24999993750001562,0
C01092,87.0,0.0,1.0,37.83,0.0,1
C01093,10.0,4.0,14.0,1054.3899999999999,0.2857142653061239,0
C01094,22.0,1.0,1.0,28.48,0.9999990000010001,0
C01095,8.0,1.0,1.0,21.8,0.9999990000010001,1
C01096,258.0,0.0,0.0,0.0,0.0,1
C01097,59.0,0.0,1.0,74.07,0.0,0
C01098,3.0,2.0,2.0,90.28999999999999,0.99999950000025,1
C01099,246.0,0.0,0.0,0.0,0.0,1
C01100,164.0,0.0,0.0,0.0,0.0,1
C01101,1.0,2.0,10.0,476.24,0.19999998000000202,0
C01102,18.0,2.0,2.0,162.76999999999998,0.99999950000025,1
C01103,16.0,1.0,8.0,531.27,0.12499998437500197,0
C01104,53.0,0.0,1.0,18.93,0.0,0
C01105,10.0,2.0,5.0,627.91,0.399999920000016,0
C01106,200.0,0.0,0.0,0.0,0.0,1
C01107,4.0,3.0,6.0,835.55,0.49999991666668053,0
C01108,4.0,3.0,8.0,384.5,0.3749999531250059,0
C01109,31.0,0.0,7.0,588.39,0.0,0
C01110,71.0,0.0,1.0,9.86,0.0,1
C01111,175.0,0.0,0.0,0.0,0.0,0
C01112,20.0,1.0,1.0,65.97,0.9999990000010001,1
C01113,38.0,0.0,3.0,188.13,0.0,1
C01114,2.0,5.0,10.0,324.99,0.499999950000005,0
C01115,32.0,0.0,4.0,207.69,0.0,0
C01116,9.0,2.0,6.0,295.50000000000006,0.33333327777778704,1
C01117,5.0,1.0,3.0,76.31,0.33333322222225925,1
C01118,6.0,4.0,12.0,772.7399999999999,0.3333333055555579,0
C01119,14.0,1.0,3.0,212.10999999999999,0.33333322222225925,1
C01120,0.0,2.0,2.0,349.19,0.99999950000025,1
C01121,20.0,2.0,5.0,344.22,0.399999920000016,1
C01122,7.0,1.0,3.0,270.86,0.33333322222225925,0
C01123,12.0,2.0,2.0,75.56,0.99999950000025,0
C01124,83.0,0.0,3.0,189.41,0.0,1
C01125,3.0,3.0,7.0,306.26,0.4285713673469475,0
C01126,3.0,7.0,26.0,961.11,0.26923075887574005,0
C01127,5.0,3.0,5.0,383.09,0.599999880000024,0
C01128,29.0,1.0,1.0,30.13,0.9999990000010001,1
C01129,67.0,0.0,1.0,55.78,0.0,1
C01130,1.0,4.0,19.0,1441.24,0.21052630470914185,0
C01131,4.0,5.0,26.0,1855.5600000000002,0.1923076849112429,0
C01132,4.0,4.0,10.0,583.3,0.39999996000000404,0
C01133,38.0,0.0,3.0,144.46,0.0,1
C01134,8.0,7.0,26.0,1909.84,0.26923075887574005,0
C01135,39.0,0.0,3.0,148.68,0.0,0
C01136,138.0,0.0,0.0,0.0,0.0,1
C01137,3.0,1.0,1.0,55.58,0.9999990000010001,0
C01138,2.0,2.0,7.0,530.13,0.285714244897965,0
C01139,9.0,2.0,4.0,205.49,0.49999987500003124,0
C01140,43.0,0.0,2.0,103.74,0.0,0
C01141,4.0,3.0,7.0,362.70000000000005,0.4285713673469475,0
C01142,127.0,0.0,0.0,0.0,0.0,1
C01143,24.0,2.0,8.0,324.28999999999996,0.24999996875000394,0
C01144,143.0,0.0,0.0,0.0,0.0,1
C01145,26.0,1.0,3.0,234.4,0.33333322222225925,0
C01146,36.0,0.0,2.0,48.980000000000004,0.0,0
C01148,304.0,0.0,0.0,0.0,0.0,1
C01149,9.0,3.0,3.0,146.81,0.9999996666667778,1
C01150,49.0,0.0,2.0,111.30999999999999,0.0,0
C01151,5.0,2.0,6.0,466.73999999999995,0.33333327777778704,0
C01152,8.0,2.0,2.0,221.08,0.99999950000025,0
C01153,7.0,4.0,13.0,795.6000000000001,0.3076922840236705,0
C01154,11.0,1.0,6.0,273.59999999999997,0.16666663888889352,0
C01155,105.0,0.0,0.0,0.0,0.0,1
C01156,122.0,0.0,0.0,0.0,0.0,0
C01157,135.0,0.0,0.0,0.0,0.0,1
C01158,6.0,1.0,6.0,155.29,0.16666663888889352,0
C01159,22.0,1.0,2.0,106.39,0.499999750000125,1
C01160,1.0,2.0,7.0,365.2,0.285714244897965,1
C01161,11.0,3.0,7.0,552.15,0.4285713673469475,0
C01162,14.0,1.0,5.0,234.01999999999998,0.199999960000008,0
C01163,16.0,3.0,6.0,297.88,0.49999991666668053,1
C01164,2.0,1.0,2.0,220.78,0.499999750000125,0
C01165,0.0,1.0,1.0,46.07,0.9999990000010001,1
C01166,6.0,3.0,4.0,125.56,0.7499998125000469,0
C01167,385.0,0.0,0.0,0.0,0.0,1
C01168,43.0,0.0,3.0,75.27000000000001,0.0,0
C01170,57.0,0.0,1.0,24.28,0.0,0
C01171,63.0,0.0,1.0,80.55,0.0,1
C01172,92.0,0.0,0.0,0.0,0.0,1
C01173,36.0,0.0,1.0,2.22,0.0,1
C01174,54.0,0.0,1.0,112.22,0.0,1
C01176,2.0,1.0,6.0,422.65999999999997,0.16666663888889352,1
C01177,172.0,0.0,0.0,0.0,0.0,1
C01178,161.0,0.0,0.0,0.0,0.0,1
C01179,10.0,1.0,5.0,379.09999999999997,0.199999960000008,0
C01180,17.0,1.0,7.0,413.12,0.1428571224489825,1
C01181,5.0,7.0,16.0,1064.19,0.4374999726562517,0
C01182,49.0,0.0,1.0,13.0,0.0,0
C01183,21.0,2.0,3.0,175.96,0.6666664444445185,0
C01184,6.0,3.0,24.0,1565.1799999999998,0.12499999479166687,0
C01185,26.0,1.0,1.0,104.4,0.9999990000010001,1
C01186,8.0,4.0,12.0,699.78,0.3333333055555579,0
C01187,55.0,0.0,6.0,208.56,0.0,0
C01188,72.0,0.0,1.0,18.35,0.0,0
C01189,0.0,11.0,30.0,2157.67,0.36666665444444485,0
C01190,220.0,0.0,0.0,0.0,0.0,1
C01191,6.0,5.0,11.0,854.25,0.4545454132231443,1
C01192,9.0,2.0,5.0,272.65,0.399999920000016,0
C01193,29.0,1.0,3.0,520.3,0.33333322222225925,0
C01194,26.0,2.0,2.0,68.03,0.99999950000025,1
C01195,32.0,0.0,3.0,237.83,0.0,1
C01196,40.0,0.0,1.0,61.78,0.0,1
C01197,0.0,3.0,9.0,461.63,0.33333329629630043,0
C01198,375.0,0.0,0.0,0.0,0.0,1
C01199,14.0,3.0,10.0,406.2699999999999,0.299999970000003,0
C01200,1.0,2.0,5.0,418.78,0.399999920000016,1
C01201,25.0,1.0,4.0,325.44000000000005,0.24999993750001562,0
C01202,9.0,2.0,7.0,436.61,0.285714244897965,0
C01203,9.0,2.0,3.0,103.80000000000001,0.6666664444445185,0
C01204,10.0,1.0,2.0,172.67,0.499999750000125,0
C01206,301.0,0.0,0.0,0.0,0.0,1
C01207,17.0,3.0,4.0,190.98,0.7499998125000469,1
C01208,8.0,1.0,1.0,24.82,0.9999990000010001,1
C01209,302.0,0.0,0.0,0.0,0.0,1
C01210,84.0,0.0,5.0,486.07000000000005,0.0,0
C01211,82.0,0.0,3.0,235.64999999999998,0.0,1
C01212,136.0,0.0,0.0,0.0,0.0,1
C01213,6.0,1.0,2.0,154.25,0.499999750000125,0
C01214,190.0,0.0,0.0,0.0,0.0,1
C01215,7.0,1.0,4.0,467.39,0.24999993750001562,0
C01216,15.0,2.0,3.0,257.98,0.6666664444445185,0
C01217,56.0,0.0,2.0,87.22999999999999,0.0,1
C01218,0.0,7.0,11.0,537.0899999999999,0.636363578512402,0
C01219,81.0,0.0,6.0,108.19,0.0,1
C01220,179.0,0.0,0.0,0.0,0.0,1
C01221,73.0,0.0,1.0,122.61,0.0,1
C01222,173.0,0.0,0.0,0.0,0.0,0
C01223,14.0,2.0,4.0,92.93,0.49999987500003124,0
C01224,267.0,0.0,0.0,0.0,0.0,1
C01225,0.0,4.0,11.0,640.67,0.3636363305785154,0
C01226,12.0,1.0,1.0,11.94,0.9999990000010001,1
C01227,2.0,2.0,3.0,90.08,0.6666664444445185,1
C01228,89.0,0.0,1.0,10.16,0.0,1
C01229,196.0,0.0,0.0,0.0,0.0,0
C01230,32.0,0.0,2.0,99.19,0.0,0
C01231,5.0,2.0,5.0,279.79,0.399999920000016,1
C01232,21.0,1.0,2.0,61.47,0.499999750000125,1
C01233,102.0,0.0,0.0,0.0,0.0,0
C01234,38.0,0.0,3.0,144.12,0.0,0
C01235,28.0,1.0,2.0,255.77,0.499999750000125,0
C01236,9.0,4.0,17.0,777.15,0.23529410380622917,0
C01237,11.0,1.0,2.0,88.51,0.499999750000125,0
C01239,85.0,0.0,2.0,161.08999999999997,0.0,0
C01240,14.0,2.0,2.0,103.08000000000001,0.99999950000025,1
C01241,8.0,1.0,2.0,276.78,0.499999750000125,1
C01242,4.0,2.0,3.0,314.19,0.6666664444445185,1
C01243,13.0,1.0,2.0,86.61999999999999,0.499999750000125,1
C01244,21.0,1.0,2.0,27.55,0.499999750000125,0
C01245,180.0,0.0,0.0,0.0,0.0,1
C01246,23.0,1.0,2.0,66.73,0.499999750000125,0
C01247,259.0,0.0,0.0,0.0,0.0,0
C01248,13.0,1.0,1.0,42.72,0.9999990000010001,1
C01250,3.0,3.0,13.0,930.9599999999999,0.23076921301775286,0
C01251,59.0,0.0,3.0,141.66,0.0,0
C01252,102.0,0.0,0.0,0.0,0.0,1
C01253,0.0,2.0,7.0,584.0200000000001,0.285714244897965,0
C01254,22.0,1.0,2.0,182.26,0.499999750000125,0
C01255,4.0,2.0,2.0,39.92,0.99999950000025,0
C01256,35.0,0.0,4.0,337.41999999999996,0.0,0
C01257,10.0,3.0,5.0,336.21000000000004,0.599999880000024,0
C01258,3.0,4.0,8.0,413.89,0.4999999375000079,0
C01259,34.0,0.0,8.0,415.56,0.0,0
C01260,0.0,4.0,11.0,524.48,0.3636363305785154,0
C01261,3.0,2.0,17.0,922.7900000000001,0.11764705190311459,0
C01262,29.0,1.0,4.0,322.18,0.24999993750001562,1
C01263,328.0,0.0,0.0,0.0,0.0,1
C01264,4.0,3.0,4.0,250.85999999999999,0.7499998125000469,1
C01265,47.0,0.0,6.0,241.93000000000004,0.0,0
C01266,9.0,1.0,5.0,289.59000000000003,0.199999960000008,0
C01267,146.0,0.0,0.0,0.0,0.0,1
C01268,9.0,2.0,10.0,495.78999999999996,0.19999998000000202,0
C01270,1.0,3.0,5.0,351.08,0.599999880000024,0
C01271,52.0,0.0,2.0,84.65,0.0,1
C01272,15.0,4.0,8.0,520.8599999999999,0.4999999375000079,0
C01273,82.0,0.0,2.0,186.46,0.0,1
C01274,0.0,5.0,15.0,1163.89,0.3333333111111126,0
C01275,181.0,0.0,0.0,0.0,0.0,0
C01276,203.0,0.0,0.0,0.0,0.0,1
C01277,0.0,14.0,41.0,2713.86,0.3414634063057706,0
C01278,138.0,0.0,0.0,0.0,0.0,1
C01279,9.0,2.0,4.0,276.53999999999996,0.49999987500003124,1
C01280,59.0,0.0,1.0,136.73,0.0,1
C01281,287.0,0.0,0.0,0.0,0.0,0
C01282,88.0,0.0,1.0,56.6,0.0,0
C01283,285.0,0.0,0.0,0.0,0.0,1
C01284,26.0,1.0,4.0,322.2,0.24999993750001562,0
C01286,246.0,0.0,0.0,0.0,0.0,1
C01288,174.0,0.0,0.0,0.0,0.0,0
C01289,144.0,0.0,0.0,0.0,0.0,1
C01291,26.0,1.0,1.0,93.55,0.9999990000010001,0
C01292,28.0,2.0,7.0,499.83,0.285714244897965,0
C01293,25.0,1.0,9.0,572.75,0.11111109876543349,0
C01294,257.0,0.0,0.0,0.0,0.0,1
C01295,14.0,3.0,12.0,341.38,0.2499999791666684,0
C01296,6.0,3.0,8.0,412.88,0.3749999531250059,0
C01297,63.0,0.0,1.0,54.16,0.0,0
C01298,72.0,0.0,4.0,92.92,0.0,1
C01299,82.0,0.0,2.0,34.03,0.0,1
C01300,4.0,3.0,6.0,274.89000000000004,0.49999991666668053,0
C01301,19.0,1.0,5.0,260.23,0.199999960000008,0
C01302,3.0,2.0,4.0,434.71,0.49999987500003124,1
C01303,5.0,4.0,7.0,408.94000000000005,0.57142848979593,0
C01304,0.0,2.0,2.0,59.620000000000005,0.99999950000025,1
C01305,8.0,3.0,12.0,681.0400000000001,0.2499999791666684,0
C01306,100.0,0.0,0.0,0.0,0.0,0
C01307,7.0,1.0,4.0,377.4,0.24999993750001562,1
C01308,192.0,0.0,0.0,0.0,0.0,0
C01309,19.0,1.0,5.0,346.17999999999995,0.199999960000008,0
C01310,9.0,5.0,6.0,429.67,0.8333331944444675,1
C01311,11.0,2.0,13.0,456.70000000000005,0.15384614201183525,0
C01312,9.0,3.0,6.0,311.15000000000003,0.49999991666668053,1
C01314,56.0,0.0,4.0,350.38,0.0,0
C01315,4.0,3.0,7.0,270.78000000000003,0.4285713673469475,0
C01316,21.0,2.0,3.0,148.77,0.6666664444445185,0
C01317,2.0,4.0,13.0,669.0899999999999,0.3076922840236705,0
C01318,11.0,2.0,3.0,93.51,0.6666664444445185,1
C01319,15.0,1.0,4.0,506.40999999999997,0.24999993750001562,1
C01320,15.0,2.0,4.0,268.46000000000004,0.49999987500003124,0
C01321,223.0,0.0,0.0,0.0,0.0,1
C01322,48.0,0.0,4.0,359.48,0.0,0
C01323,22.0,2.0,6.0,429.41999999999996,0.33333327777778704,1
C01324,302.0,0.0,0.0,0.0,0.0,1
C01325,15.0,1.0,2.0,60.18,0.499999750000125,0
C01326,38.0,0.0,2.0,19.59,0.0,0
C01327,128.0,0.0,0.0,0.0,0.0,0
C01328,33.0,0.0,2.0,47.47,0.0,0
C01329,3.0,2.0,8.0,455.37,0.24999996875000394,0
C01330,25.0,1.0,4.0,266.88,0.24999993750001562,0
C01331,37.0,0.0,11.0,729.94,0.0,1
C01332,32.0,0.0,2.0,145.18,0.0,1
C01333,5.0,4.0,6.0,303.64,0.6666665555555741,0
C01334,30.0,0.0,3.0,164.77,0.0,1
C01335,30.0,0.0,14.0,745.11,0.0,0
C01336,6.0,7.0,22.0,791.5600000000001,0.3181818037190089,0
C01337,42.0,0.0,2.0,176.94,0.0,0
C01338,42.0,0.0,3.0,43.870000000000005,0.0,1
C01339,28.0,1.0,6.0,368.3,0.16666663888889352,0
C01340,365.0,0.0,0.0,0.0,0.0,1
C01341,416.0,0.0,0.0,0.0,0.0,0
C01342,38.0,0.0,1.0,237.05,0.0,0
C01343,5.0,2.0,8.0,306.74,0.24999996875000394,0
C01344,39.0,0.0,1.0,3.18,0.0,1
C01345,25.0,1.0,3.0,299.71999999999997,0.33333322222225925,0
C01346,40.0,0.0,1.0,5.54,0.0,1
C01347,2.0,1.0,2.0,84.18,0.499999750000125,1
C01348,31.0,0.0,1.0,27.32,0.0,1
C01350,63.0,0.0,1.0,384.68,0.0,1
C01351,120.0,0.0,0.0,0.0,0.0,1
C01352,21.0,2.0,3.0,344.69,0.6666664444445185,1
C01353,0.0,7.0,23.0,1403.4700000000003,0.3043478128544429,0
C01354,68.0,0.0,1.0,9.22,0.0,1
C01355,67.0,0.0,1.0,71.0,0.0,1
C01356,80.0,0.0,1.0,84.78,0.0,1
C01357,21.0,1.0,6.0,461.09000000000003,0.16666663888889352,0
C01358,381.0,0.0,0.0,0.0,0.0,1
C01359,0.0,3.0,11.0,460.53,0.2727272479338866,0
C01360,1.0,1.0,4.0,414.14,0.24999993750001562,0
C01361,40.0,0.0,3.0,201.92000000000002,0.0,1
C01362,235.0,0.0,0.0,0.0,0.0,1
C01363,278.0,0.0,0.0,0.0,0.0,1
C01364,12.0,2.0,7.0,155.85,0.285714244897965,1
C01365,3.0,1.0,14.0,1406.4900000000002,0.07142856632653098,0
C01366,5.0,1.0,5.0,342.65,0.199999960000008,0
C01367,0.0,1.0,4.0,214.63,0.24999993750001562,0
C01368,241.0,0.0,0.0,0.0,0.0,1
C01369,1.0,4.0,21.0,693.0,0.19047618140589612,0
C01370,38.0,0.0,1.0,2.9,0.0,0
C01371,247.0,0.0,0.0,0.0,0.0,0
C01372,52.0,0.0,3.0,179.53,0.0,0
C01373,3.0,6.0,14.0,581.39,0.42857139795918586,0
C01374,15.0,1.0,5.0,180.91,0.199999960000008,0
C01376,337.0,0.0,0.0,0.0,0.0,1
C01377,0.0,4.0,7.0,470.0,0.57142848979593,0
C01378,114.0,0.0,0.0,0.0,0.0,0
C01379,7.0,2.0,3.0,89.75999999999999,0.6666664444445185,0
C01380,7.0,1.0,3.0,40.91,0.33333322222225925,0
C01381,283.0,0.0,0.0,0.0,0.0,1
C01382,15.0,1.0,2.0,27.01,0.499999750000125,1
C01383,12.0,6.0,13.0,565.4200000000001,0.4615384260355057,0
C01384,66.0,0.0,2.0,72.86,0.0,0
C01385,4.0,1.0,3.0,116.99000000000001,0.33333322222225925,0
C01386,17.0,2.0,3.0,247.51,0.6666664444445185,1
C01387,16.0,3.0,3.0,198.3,0.9999996666667778,1
C01388,6.0,1.0,3.0,145.0,0.33333322222225925,0
C01389,12.0,1.0,3.0,350.65,0.33333322222225925,1
C01390,43.0,0.0,2.0,18.72,0.0,0
C01391,6.0,9.0,20.0,948.4,0.4499999775000011,0
C01392,166.0,0.0,0.0,0.0,0.0,1
C01393,13.0,2.0,3.0,368.81999999999994,0.6666664444445185,1
C01394,9.0,3.0,9.0,367.79,0.33333329629630043,0
C01395,3.0,1.0,7.0,314.9,0.1428571224489825,1
C01396,13.0,1.0,6.0,250.76,0.16666663888889352,1
C01397,257.0,0.0,0.0,0.0,0.0,1
C01398,15.0,2.0,2.0,98.22,0.99999950000025,0
C01399,21.0,1.0,2.0,270.51,0.499999750000125,0
C01400,3.0,2.0,8.0,614.1099999999999,0.24999996875000394,0
C01401,8.0,2.0,6.0,289.23,0.33333327777778704,1
C01402,44.0,0.0,1.0,39.61,0.0,1
C01403,95.0,0.0,0.0,0.0,0.0,1
C01404,15.0,2.0,3.0,146.2,0.6666664444445185,0
C01405,62.0,0.0,2.0,41.53,0.0,1
C01406,62.0,0.0,1.0,80.11,0.0,0
C01407,32.0,0.0,2.0,123.24000000000001,0.0,1
C01408,23.0,1.0,5.0,389.58000000000004,0.199999960000008,0
C01409,1.0,6.0,16.0,1258.68,0.37499997656250145,0
C01410,13.0,1.0,1.0,12.24,0.9999990000010001,0
C01411,4.0,2.0,3.0,251.01999999999998,0.6666664444445185,0
C01412,29.0,1.0,4.0,149.64,0.24999993750001562,1
C01413,42.0,0.0,1.0,4.71,0.0,0
C01414,143.0,0.0,0.0,0.0,0.0,1
C01415,394.0,0.0,0.0,0.0,0.0,1
C01416,50.0,0.0,1.0,38.54,0.0,0
C01417,210.0,0.0,0.0,0.0,0.0,0
C01418,6.0,3.0,5.0,323.98999999999995,0.599999880000024,0
C01419,80.0,0.0,3.0,266.18,0.0,0
C01420,35.0,0.0,1.0,14.89,0.0,0
C01421,8.0,1.0,2.0,43.76,0.499999750000125,1
C01422,19.0,1.0,4.0,520.75,0.24999993750001562,1
C01423,3.0,3.0,5.0,215.74,0.599999880000024,0
C01424,24.0,1.0,6.0,289.84999999999997,0.16666663888889352,0
C01425,19.0,2.0,5.0,157.03999999999996,0.399999920000016,1
C01426,20.0,1.0,2.0,85.3,0.499999750000125,0
C01427,167.0,0.0,0.0,0.0,0.0,1
C01428,23.0,1.0,8.0,433.0,0.12499998437500197,0
C01429,2.0,5.0,5.0,425.77000000000004,0.99999980000004,0
C01430,394.0,0.0,0.0,0.0,0.0,1
C01432,52.0,0.0,3.0,123.19999999999999,0.0,0
C01433,80.0,0.0,1.0,76.84,0.0,1
C01434,319.0,0.0,0.0,0.0,0.0,1
C01435,2.0,3.0,11.0,602.1800000000001,0.2727272479338866,0
C01436,24.0,2.0,8.0,468.4,0.24999996875000394,0
C01437,3.0,2.0,6.0,501.34000000000003,0.33333327777778704,0
C01438,10.0,1.0,6.0,595.3000000000001,0.16666663888889352,0
C01439,17.0,2.0,8.0,947.25,0.24999996875000394,0
C01440,10.0,3.0,7.0,379.15,0.4285713673469475,0
C01441,90.0,0.0,0.0,0.0,0.0,1
C01442,1.0,2.0,6.0,519.29,0.33333327777778704,0
C01443,91.0,0.0,0.0,0.0,0.0,1
C01444,28.0,1.0,4.0,305.98,0.24999993750001562,1
C01445,28.0,1.0,8.0,462.91999999999996,0.12499998437500197,0
C01446,35.0,0.0,5.0,238.14,0.0,0
C01447,11.0,1.0,3.0,86.25,0.33333322222225925,1
C01448,11.0,3.0,8.0,507.76,0.3749999531250059,0
C01449,0.0,1.0,1.0,74.0,0.9999990000010001,0
C01450,21.0,1.0,7.0,202.88,0.1428571224489825,0
C01451,7.0,1.0,8.0,638.72,0.12499998437500197,0
C01452,9.0,2.0,3.0,88.16,0.6666664444445185,0
C01454,3.0,3.0,11.0,466.90999999999997,0.2727272479338866,1
C01455,5.0,3.0,5.0,361.42,0.599999880000024,0
C01456,399.0,0.0,0.0,0.0,0.0,1
C01457,60.0,0.0,2.0,80.16,0.0,1
C01458,79.0,0.0,1.0,26.67,0.0,1
C01459,15.0,1.0,8.0,405.15999999999997,0.12499998437500197,0
C01460,33.0,0.0,5.0,203.17000000000002,0.0,0
C01461,0.0,2.0,4.0,216.04,0.49999987500003124,0
C01462,22.0,2.0,4.0,210.05,0.49999987500003124,0
C01463,30.0,0.0,6.0,374.02,0.0,0
C01464,40.0,0.0,2.0,114.68,0.0,0
C01465,2.0,7.0,18.0,1056.2,0.3888888672839518,0
C01466,3.0,4.0,8.0,654.37,0.4999999375000079,0
C01467,332.0,0.0,0.0,0.0,0.0,1
C01468,50.0,0.0,1.0,14.07,0.0,1
C01469,65.0,0.0,1.0,95.23,0.0,1
C01470,45.0,0.0,5.0,252.6,0.0,1
C01471,81.0,0.0,2.0,145.01,0.0,0
C01472,365.0,0.0,0.0,0.0,0.0,1
C01473,3.0,4.0,8.0,380.55999999999995,0.4999999375000079,0
C01474,13.0,1.0,2.0,60.72,0.499999750000125,0
C01475,41.0,0.0,1.0,29.3,0.0,1
C01476,28.0,2.0,7.0,322.63,0.285714244897965,0
C01477,13.0,1.0,1.0,81.93,0.9999990000010001,0
C01478,261.0,0.0,0.0,0.0,0.0,1
C01479,31.0,0.0,5.0,475.32,0.0,0
C01480,6.0,3.0,4.0,166.84,0.7499998125000469,0
C01481,401.0,0.0,0.0,0.0,0.0,0
C01482,17.0,1.0,4.0,221.74,0.24999993750001562,0
C01483,256.0,0.0,0.0,0.0,0.0,0
C01484,155.0,0.0,0.0,0.0,0.0,0
C01485,11.0,1.0,2.0,80.44999999999999,0.499999750000125,0
C01486,24.0,1.0,7.0,314.19999999999993,0.1428571224489825,0
C01487,1.0,1.0,2.0,39.08,0.499999750000125,0
C01488,2.0,5.0,20.0,958.92,0.2499999875000006,0
C01489,53.0,0.0,1.0,43.07,0.0,1
C01490,1.0,2.0,12.0,899.2400000000001,0.16666665277777895,0
C01491,224.0,0.0,0.0,0.0,0.0,0
C01492,2.0,6.0,19.0,1036.0,0.31578945706371275,0
C01493,4.0,1.0,4.0,286.63,0.24999993750001562,1
C01494,2.0,5.0,10.0,1125.1,0.499999950000005,1
C01495,55.0,0.0,2.0,79.08,0.0,0
C01496,336.0,0.0,0.0,0.0,0.0,1
C01497,65.0,0.0,1.0,31.15,0.0,0
C01498,7.0,1.0,3.0,280.28,0.33333322222225925,0
C01499,254.0,0.0,0.0,0.0,0.0,0
C01500,9.0,2.0,6.0,303.16,0.33333327777778704,0
C01501,46.0,0.0,3.0,286.03,0.0,1
C01502,6.0,2.0,8.0,565.6999999999999,0.24999996875000394,0
C01503,43.0,0.0,4.0,309.19,0.0,0
C01504,2.0,5.0,14.0,624.3100000000001,0.3571428316326549,0
C01505,9.0,3.0,3.0,217.07,0.9999996666667778,0
C01506,3.0,1.0,5.0,412.62,0.199999960000008,0
C01507,57.0,0.0,2.0,104.14999999999999,0.0,0
C01508,2.0,1.0,3.0,192.62,0.33333322222225925,0
C01509,7.0,2.0,4.0,95.46000000000001,0.49999987500003124,1
C01510,78.0,0.0,1.0,84.26,0.0,0
C01511,260.0,0.0,0.0,0.0,0.0,1
C01512,33.0,0.0,1.0,18.39,0.0,1
C01513,184.0,0.0,0.0,0.0,0.0,0
C01514,25.0,2.0,13.0,939.91,0.15384614201183525,0
C01515,26.0,1.0,8.0,416.63,0.12499998437500197,0
C01516,41.0,0.0,1.0,33.57,0.0,0
C01517,29.0,1.0,3.0,469.13,0.33333322222225925,0
C01518,5.0,5.0,11.0,559.1800000000001,0.4545454132231443,0
C01519,16.0,3.0,5.0,126.55000000000001,0.599999880000024,0
C01520,22.0,2.0,6.0,254.79999999999998,0.33333327777778704,0
C01521,0.0,4.0,11.0,538.72,0.3636363305785154,0
C01522,36.0,0.0,1.0,70.94,0.0,0
C01523,8.0,2.0,6.0,326.32000000000005,0.33333327777778704,0
C01524,108.0,0.0,0.0,0.0,0.0,1
C01525,37.0,0.0,1.0,40.81,0.0,0
C01526,41.0,0.0,3.0,375.34000000000003,0.0,0
C01527,6.0,1.0,3.0,156.04000000000002,0.33333322222225925,0
C01528,2.0,1.0,1.0,26.05,0.9999990000010001,0
C01529,81.0,0.0,2.0,58.709999999999994,0.0,0
C01530,15.0,1.0,1.0,37.84,0.9999990000010001,1
C01531,3.0,1.0,3.0,125.33,0.33333322222225925,1
C01532,30.0,0.0,3.0,246.81,0.0,1
C01533,4.0,3.0,17.0,1244.3,0.17647057785467188,0
C01534,160.0,0.0,0.0,0.0,0.0,0
C01535,10.0,3.0,8.0,533.8,0.3749999531250059,0
C01536,2.0,1.0,1.0,105.73,0.9999990000010001,1
C01537,125.0,0.0,0.0,0.0,0.0,1
C01538,35.0,0.0,1.0,41.88,0.0,1
C01539,13.0,1.0,2.0,123.29,0.499999750000125,0
C01540,0.0,4.0,9.0,506.56000000000006,0.44444439506173394,0
C01541,9.0,2.0,7.0,537.0400000000001,0.285714244897965,0
C01542,169.0,0.0,0.0,0.0,0.0,1
C01543,8.0,3.0,7.0,502.09,0.4285713673469475,0
C01544,186.0,0.0,0.0,0.0,0.0,1
C01545,323.0,0.0,0.0,0.0,0.0,1
C01546,60.0,0.0,2.0,81.46,0.0,0
C01547,6.0,2.0,5.0,204.23000000000002,0.399999920000016,1
C01548,1.0,4.0,9.0,514.5899999999999,0.44444439506173394,0
C01549,111.0,0.0,0.0,0.0,0.0,1
C01550,327.0,0.0,0.0,0.0,0.0,1
C01552,0.0,3.0,5.0,182.04,0.599999880000024,0
C01553,20.0,1.0,2.0,100.9,0.499999750000125,0
C01554,0.0,4.0,13.0,896.4400000000002,0.3076922840236705,0
C01555,29.0,1.0,1.0,107.5,0.9999990000010001,0
C01556,98.0,0.0,0.0,0.0,0.0,0
C01557,29.0,1.0,2.0,46.58,0.499999750000125,1
C01558,30.0,0.0,3.0,141.32,0.0,1
C01559,89.0,0.0,1.0,37.32,0.0,1
C01560,12.0,1.0,5.0,234.66000000000003,0.199999960000008,0
C01561,23.0,1.0,2.0,151.65,0.499999750000125,1
C01562,4.0,3.0,6.0,547.77,0.49999991666668053,0
C01563,18.0,2.0,2.0,85.9,0.99999950000025,0
C01564,32.0,0.0,5.0,214.84,0.0,0
C01565,160.0,0.0,0.0,0.0,0.0,1
C01566,13.0,1.0,1.0,6.07,0.9999990000010001,0
C01567,213.0,0.0,0.0,0.0,0.0,1
C01568,154.0,0.0,0.0,0.0,0.0,0
C01569,17.0,2.0,8.0,521.75,0.24999996875000394,0
C01570,1.0,3.0,8.0,466.65,0.3749999531250059,1
C01571,11.0,2.0,16.0,996.5500000000001,0.12499999218750048,0
C01572,23.0,1.0,18.0,1241.96,0.055555552469135974,0
C01573,8.0,2.0,14.0,403.59999999999997,0.14285713265306196,0
C01574,13.0,2.0,7.0,442.16999999999996,0.285714244897965,0
C01575,14.0,1.0,4.0,232.51,0.24999993750001562,1
C01576,30.0,0.0,4.0,116.75,0.0,0
C01577,3.0,1.0,2.0,153.77,0.499999750000125,0
C01578,215.0,0.0,0.0,0.0,0.0,0
C01579,8.0,4.0,10.0,274.99,0.39999996000000404,0
C01580,11.0,1.0,7.0,306.8,0.1428571224489825,1
C01581,40.0,0.0,3.0,108.82,0.0,0
C01582,18.0,3.0,8.0,523.48,0.3749999531250059,1
C01583,340.0,0.0,0.0,0.0,0.0,1
C01584,7.0,7.0,14.0,931.22,0.49999996428571686,0
C01585,60.0,0.0,1.0,32.94,0.0,1
C01586,123.0,0.0,0.0,0.0,0.0,0
C01587,25.0,1.0,1.0,15.03,0.9999990000010001,0
C01588,146.0,0.0,0.0,0.0,0.0,1
C01589,21.0,1.0,5.0,553.15,0.199999960000008,0
C01590,14.0,2.0,3.0,234.25,0.6666664444445185,1
C01591,1.0,12.0,51.0,2744.9399999999996,0.23529411303344877,0
C01592,90.0,0.0,0.0,0.0,0.0,0
C01593,25.0,1.0,1.0,26.96,0.9999990000010001,0
C01594,72.0,0.0,1.0,4.82,0.0,1
C01595,24.0,1.0,4.0,326.54,0.24999993750001562,1
C01596,2.0,2.0,8.0,483.36,0.24999996875000394,0
C01597,397.0,0.0,0.0,0.0,0.0,1
C01598,135.0,0.0,0.0,0.0,0.0,1
C01599,345.0,0.0,0.0,0.0,0.0,1
C01600,129.0,0.0,0.0,0.0,0.0,1
C01601,0.0,3.0,9.0,362.56,0.33333329629630043,0
C01602,22.0,1.0,3.0,196.76,0.33333322222225925,1
C01603,15.0,3.0,8.0,618.47,0.3749999531250059,0
C01604,1.0,5.0,7.0,495.12,0.7142856122449125,0
C01605,14.0,1.0,4.0,198.47000000000003,0.24999993750001562,1
C01606,2.0,5.0,8.0,503.67,0.6249999218750099,0
C01607,9.0,4.0,10.0,459.8,0.39999996000000404,0
C01608,29.0,1.0,2.0,140.6,0.499999750000125,1
C01609,81.0,0.0,4.0,537.5500000000001,0.0,0
C01610,6.0,1.0,1.0,1.91,0.9999990000010001,1
C01611,39.0,0.0,1.0,60.72,0.0,0
C01613,5.0,4.0,20.0,632.5999999999999,0.1999999900000005,0
C01614,27.0,1.0,1.0,104.24,0.9999990000010001,1
C01615,7.0,3.0,8.0,299.75,0.3749999531250059,0
C01616,3.0,2.0,2.0,43.04,0.99999950000025,0
C01617,102.0,0.0,0.0,0.0,0.0,0
C01618,366.0,0.0,0.0,0.0,0.0,1
C01619,5.0,1.0,2.0,23.83,0.499999750000125,1
C01620,27.0,1.0,1.0,42.94,0.9999990000010001,1
C01621,35.0,0.0,7.0,352.87,0.0,1
C01622,1.0,2.0,3.0,185.38,0.6666664444445185,0
C01623,46.0,0.0,4.0,178.63,0.0,0
C01624,265.0,0.0,0.0,0.0,0.0,1
C01625,15.0,2.0,4.0,325.12,0.49999987500003124,1
C01626,0.0,2.0,6.0,316.82,0.33333327777778704,1
C01627,4.0,6.0,15.0,629.16,0.39999997333333515,0
C01628,29.0,1.0,3.0,85.81,0.33333322222225925,0
C01629,103.0,0.0,0.0,0.0,0.0,1
C01630,24.0,1.0,1.0,1.79,0.9999990000010001,1
C01631,57.0,0.0,2.0,74.78,0.0,1
C01632,71.0,0.0,2.0,300.06,0.0,1
C01633,3.0,2.0,11.0,410.86000000000007,0.1818181652892577,0
C01634,37.0,0.0,4.0,164.51999999999998,0.0,0
C01635,1.0,1.0,1.0,242.98,0.9999990000010001,0
C01636,81.0,0.0,1.0,61.34,0.0,1
C01637,79.0,0.0,1.0,113.54,0.0,0
C01638,7.0,2.0,7.0,180.39,0.285714244897965,0
C01639,24.0,1.0,3.0,62.379999999999995,0.33333322222225925,0
C01640,33.0,0.0,1.0,83.67,0.0,1
C01641,18.0,1.0,1.0,21.82,0.9999990000010001,1
C01642,4.0,2.0,4.0,166.26,0.49999987500003124,0
C01643,1.0,13.0,42.0,2088.24,0.3095238021541952,0
C01644,217.0,0.0,0.0,0.0,0.0,1
C01645,164.0,0.0,0.0,0.0,0.0,1
C01647,6.0,2.0,4.0,268.79999999999995,0.49999987500003124,0
C01648,14.0,2.0,5.0,201.94000000000003,0.399999920000016,0
C01649,47.0,0.0,1.0,41.91,0.0,0
C01650,35.0,0.0,2.0,92.57,0.0,0
C01651,4.0,3.0,3.0,154.64000000000001,0.9999996666667778,1
C01652,88.0,0.0,1.0,22.29,0.0,0
C01653,24.0,1.0,2.0,101.25999999999999,0.499999750000125,0
C01654,302.0,0.0,0.0,0.0,0.0,1
C01655,244.0,0.0,0.0,0.0,0.0,1
C01656,163.0,0.0,0.0,0.0,0.0,1
C01657,85.0,0.0,1.0,58.66,0.0,1
C01658,15.0,4.0,9.0,295.17,0.44444439506173394,0
C01659,231.0,0.0,0.0,0.0,0.0,1
C01660,1.0,4.0,21.0,1226.66,0.19047618140589612,0
C01661,88.0,0.0,1.0,26.39,0.0,1
C01662,1.0,4.0,8.0,421.03999999999996,0.4999999375000079,0
C01663,8.0,1.0,2.0,237.54999999999998,0.499999750000125,0
C01664,13.0,1.0,1.0,58.11,0.9999990000010001,0
C01665,162.0,0.0,0.0,0.0,0.0,1
C01666,24.0,1.0,1.0,46.09,0.9999990000010001,1
C01667,11.0,3.0,4.0,784.1999999999999,0.7499998125000469,1
C01668,8.0,2.0,7.0,416.3,0.285714244897965,0
C01669,220.0,0.0,0.0,0.0,0.0,1
C01670,245.0,0.0,0.0,0.0,0.0,1
C01671,2.0,3.0,4.0,122.62,0.7499998125000469,0
C01672,14.0,1.0,2.0,220.12,0.499999750000125,0
C01673,0.0,1.0,8.0,568.68,0.12499998437500197,1
C01674,3.0,2.0,6.0,184.86,0.33333327777778704,0
C01675,39.0,0.0,2.0,70.65,0.0,0
C01676,50.0,0.0,1.0,16.72,0.0,1
C01677,25.0,1.0,1.0,11.66,0.9999990000010001,1
C01678,172.0,0.0,0.0,0.0,0.0,1
C01679,24.0,1.0,4.0,161.43,0.24999993750001562,0
C01680,30.0,0.0,1.0,13.08,0.0,0
C01681,47.0,0.0,1.0,115.14,0.0,0
C01682,7.0,2.0,3.0,143.46,0.6666664444445185,0
C01683,11.0,1.0,2.0,323.28999999999996,0.499999750000125,0
C01684,3.0,1.0,2.0,399.46999999999997,0.499999750000125,1
C01685,103.0,0.0,0.0,0.0,0.0,1
C01686,249.0,0.0,0.0,0.0,0.0,1
C01687,22.0,1.0,6.0,234.56,0.16666663888889352,0
C01688,4.0,3.0,8.0,358.10999999999996,0.3749999531250059,0
C01689,8.0,5.0,8.0,420.27,0.6249999218750099,1
C01690,202.0,0.0,0.0,0.0,0.0,1
C01691,94.0,0.0,0.0,0.0,0.0,1
C01692,41.0,0.0,2.0,118.12,0.0,0
C01693,22.0,2.0,3.0,99.15,0.6666664444445185,1
C01694,222.0,0.0,0.0,0.0,0.0,1
C01695,55.0,0.0,4.0,174.51,0.0,1
C01697,23.0,2.0,2.0,95.25999999999999,0.99999950000025,1
C01698,7.0,2.0,11.0,349.97,0.1818181652892577,0
C01699,0.0,3.0,4.0,283.65,0.7499998125000469,1
C01700,23.0,1.0,4.0,293.03999999999996,0.24999993750001562,1
C01701,17.0,1.0,6.0,282.18,0.16666663888889352,0
C01702,397.0,0.0,0.0,0.0,0.0,1
C01703,52.0,0.0,6.0,176.7,0.0,0
C01704,10.0,2.0,4.0,140.09,0.49999987500003124,0
C01705,21.0,1.0,3.0,346.97,0.33333322222225925,0
C01706,56.0,0.0,2.0,67.45,0.0,0
C01707,24.0,1.0,2.0,62.54,0.499999750000125,0
C01708,351.0,0.0,0.0,0.0,0.0,1
C01709,67.0,0.0,1.0,109.22,0.0,1
C01710,19.0,5.0,12.0,686.69,0.41666663194444736,0
C01711,3.0,3.0,8.0,441.85,0.3749999531250059,0
C01712,1.0,6.0,10.0,757.92,0.599999940000006,0
C01713,4.0,1.0,4.0,177.94,0.24999993750001562,0
C01714,39.0,0.0,4.0,350.77,0.0,1
C01715,4.0,5.0,11.0,1208.7000000000003,0.4545454132231443,1
C01716,37.0,0.0,2.0,82.13,0.0,0
C01717,14.0,1.0,10.0,553.22,0.09999999000000101,0
C01718,100.0,0.0,0.0,0.0,0.0,1
C01719,390.0,0.0,0.0,0.0,0.0,1
C01720,8.0,4.0,10.0,545.53,0.39999996000000404,0
C01721,63.0,0.0,2.0,196.39,0.0,1
C01722,2.0,4.0,11.0,532.46,0.3636363305785154,0
C01723,23.0,3.0,11.0,553.0,0.2727272479338866,0
C01724,0.0,5.0,14.0,1053.1699999999998,0.3571428316326549,0
C01725,3.0,3.0,4.0,180.56,0.7499998125000469,0
C01726,0.0,3.0,11.0,646.3100000000001,0.2727272479338866,0
C01727,1.0,4.0,6.0,440.02000000000004,0.6666665555555741,0
C01728,354.0,0.0,0.0,0.0,0.0,0
C01729,168.0,0.0,0.0,0.0,0.0,1
C01730,0.0,2.0,6.0,401.56000000000006,0.33333327777778704,0
C01732,31.0,0.0,2.0,71.6,0.0,0
C01733,14.0,1.0,5.0,290.83000000000004,0.199999960000008,1
C01734,7.0,1.0,1.0,49.14,0.9999990000010001,1
C01735,8.0,4.0,9.0,522.6800000000001,0.44444439506173394,0
C01736,91.0,0.0,0.0,0.0,0.0,1
C01737,5.0,4.0,5.0,455.53,0.799999840000032,0
C01738,0.0,7.0,17.0,994.8599999999999,0.4117646816609011,0
C01740,18.0,1.0,4.0,195.57000000000002,0.24999993750001562,0
C01741,179.0,0.0,0.0,0.0,0.0,1
C01742,60.0,0.0,2.0,18.75,0.0,0
C01743,4.0,5.0,11.0,576.63,0.4545454132231443,0
C01744,69.0,0.0,1.0,17.35,0.0,0
C01745,0.0,2.0,5.0,219.27000000000004,0.399999920000016,0
C01746,6.0,7.0,20.0,1272.85,0.34999998250000086,0
C01747,6.0,2.0,2.0,165.98,0.99999950000025,0
C01748,37.0,0.0,1.0,8.25,0.0,0
C01749,10.0,1.0,3.0,52.76,0.33333322222225925,0
C01750,2.0,5.0,11.0,490.15,0.4545454132231443,0
C01751,0.0,5.0,16.0,793.05,0.3124999804687512,1
C01754,1.0,6.0,33.0,2024.52,0.18181817630854014,0
C01755,21.0,1.0,5.0,373.44,0.199999960000008,0
C01756,145.0,0.0,0.0,0.0,0.0,1
C01757,36.0,0.0,1.0,75.97,0.0,0
C01758,69.0,0.0,1.0,93.35,0.0,0
C01759,80.0,0.0,1.0,112.75,0.0,1
C01760,9.0,1.0,1.0,39.16,0.9999990000010001,0
C01761,12.0,1.0,1.0,62.73,0.9999990000010001,0
C01762,128.0,0.0,0.0,0.0,0.0,1
C01763,13.0,1.0,8.0,584.97,0.12499998437500197,1
C01764,28.0,1.0,1.0,21.25,0.9999990000010001,0
C01765,8.0,2.0,6.0,271.33,0.33333327777778704,0
C01766,7.0,1.0,2.0,24.490000000000002,0.499999750000125,0
C01767,4.0,4.0,7.0,323.84999999999997,0.57142848979593,0
C01768,14.0,1.0,3.0,41.32,0.33333322222225925,1
C01769,4.0,2.0,15.0,1020.5400000000001,0.13333332444444504,0
C01770,69.0,0.0,1.0,23.23,0.0,0
C01773,81.0,0.0,1.0,18.33,0.0,1
C01774,52.0,0.0,8.0,376.3,0.0,0
C01775,81.0,0.0,5.0,270.22,0.0,0
C01776,48.0,0.0,2.0,252.12,0.0,1
C01777,0.0,2.0,4.0,65.84,0.49999987500003124,0
C01778,83.0,0.0,1.0,158.09,0.0,0
C01779,84.0,0.0,3.0,22.56,0.0,0
C01780,8.0,5.0,15.0,452.77000000000004,0.3333333111111126,0
C01781,6.0,1.0,3.0,76.25,0.33333322222225925,0
C01782,296.0,0.0,0.0,0.0,0.0,1
C01783,33.0,0.0,1.0,18.01,0.0,1
C01784,412.0,0.0,0.0,0.0,0.0,0
C01785,27.0,1.0,7.0,317.55,0.1428571224489825,0
C01786,382.0,0.0,0.0,0.0,0.0,1
C01787,273.0,0.0,0.0,0.0,0.0,1
C01788,108.0,0.0,0.0,0.0,0.0,1
C01789,50.0,0.0,1.0,59.29,0.0,0
C01790,10.0,2.0,3.0,407.52,0.6666664444445185,0
C01791,170.0,0.0,0.0,0.0,0.0,1
C01792,23.0,1.0,12.0,555.1,0.08333332638888948,0
C01793,2.0,11.0,34.0,1805.2800000000002,0.32352940224913523,0
C01794,66.0,0.0,1.0,8.75,0.0,0
C01795,1.0,1.0,2.0,193.97000000000003,0.499999750000125,1
C01796,32.0,0.0,6.0,289.15000000000003,0.0,1
C01797,14.0,2.0,5.0,139.03,0.399999920000016,0
C01798,0.0,5.0,5.0,562.2,0.99999980000004,0
C01799,113.0,0.0,0.0,0.0,0.0,1
C01800,140.0,0.0,0.0,0.0,0.0,1
C01801,52.0,0.0,2.0,123.73,0.0,0
C01802,27.0,1.0,1.0,149.9,0.9999990000010001,1
C01803,31.0,0.0,3.0,138.97,0.0,0
C01804,27.0,1.0,1.0,53.37,0.9999990000010001,1
C01805,7.0,3.0,4.0,356.89,0.7499998125000469,0
C01806,10.0,2.0,2.0,43.59,0.99999950000025,0
C01807,324.0,0.0,0.0,0.0,0.0,1
C01808,3.0,2.0,6.0,266.24,0.33333327777778704,0
C01809,3.0,3.0,6.0,385.99,0.49999991666668053,0
C01810,3.0,6.0,16.0,777.6,0.37499997656250145,0
C01811,3.0,3.0,5.0,619.9200000000001,0.599999880000024,0
C01812,16.0,1.0,2.0,146.25,0.499999750000125,0
C01813,6.0,2.0,3.0,124.04,0.6666664444445185,0
C01814,32.0,0.0,7.0,303.33,0.0,1
C01815,13.0,4.0,9.0,488.13,0.44444439506173394,0
C01816,362.0,0.0,0.0,0.0,0.0,1
C01817,70.0,0.0,2.0,37.06,0.0,0
C01818,10.0,1.0,1.0,94.37,0.9999990000010001,0
C01819,49.0,0.0,1.0,20.19,0.0,0
C01820,19.0,1.0,3.0,191.35,0.33333322222225925,1
C01821,83.0,0.0,3.0,52.12,0.0,0
C01822,73.0,0.0,1.0,8.44,0.0,0
C01823,6.0,2.0,10.0,266.02,0.19999998000000202,0
C01824,28.0,1.0,1.0,7.25,0.9999990000010001,1
C01825,14.0,3.0,9.0,656.3399999999999,0.33333329629630043,0
C01826,0.0,2.0,13.0,858.5899999999999,0.15384614201183525,0
C01827,25.0,3.0,10.0,615.5000000000001,0.299999970000003,0
C01828,9.0,1.0,3.0,232.76000000000002,0.33333322222225925,0
C01830,77.0,0.0,1.0,147.55,0.0,0
C01831,35.0,0.0,1.0,24.98,0.0,0
C01832,32.0,0.0,1.0,51.44,0.0,0
C01833,395.0,0.0,0.0,0.0,0.0,0
C01834,6.0,2.0,4.0,222.71,0.49999987500003124,0
C01835,34.0,0.0,1.0,178.97,0.0,0
C01836,10.0,1.0,7.0,373.96000000000004,0.1428571224489825,0
C01837,321.0,0.0,0.0,0.0,0.0,0
C01838,423.0,0.0,0.0,0.0,0.0,1
C01839,9.0,3.0,11.0,531.7800000000001,0.2727272479338866,0
C01840,305.0,0.0,0.0,0.0,0.0,1
C01841,14.0,1.0,5.0,165.75,0.199999960000008,0
C01842,40.0,0.0,2.0,73.8,0.0,1
C01843,46.0,0.0,2.0,172.02,0.0,1
C01844,4.0,2.0,6.0,243.14999999999998,0.33333327777778704,0
C01845,127.0,0.0,0.0,0.0,0.0,1
C01846,44.0,0.0,2.0,25.9,0.0,0
C01847,21.0,1.0,1.0,136.34,0.9999990000010001,1
C01848,329.0,0.0,0.0,0.0,0.0,1
C01849,21.0,1.0,5.0,387.61,0.199999960000008,0
C01850,1.0,5.0,8.0,356.71000000000004,0.6249999218750099,0
C01851,21.0,1.0,2.0,79.99,0.499999750000125,1
C01852,21.0,1.0,3.0,117.28999999999999,0.33333322222225925,0
C01853,246.0,0.0,0.0,0.0,0.0,1
C01854,63.0,0.0,2.0,81.38,0.0,0
C01855,345.0,0.0,0.0,0.0,0.0,0
C01856,261.0,0.0,0.0,0.0,0.0,1
C01857,292.0,0.0,0.0,0.0,0.0,0
C01858,4.0,4.0,11.0,948.9699999999999,0.3636363305785154,0
C01859,13.0,1.0,5.0,223.67,0.199999960000008,0
C01860,17.0,1.0,3.0,140.78,0.33333322222225925,0
C01861,0.0,3.0,12.0,582.3799999999999,0.2499999791666684,0
C01862,48.0,0.0,1.0,15.48,0.0,1
C01863,2.0,2.0,7.0,583.0999999999999,0.285714244897965,0
C01864,0.0,9.0,18.0,1079.31,0.49999997222222375,0
C01865,31.0,0.0,2.0,174.31,0.0,0
C01867,47.0,0.0,2.0,119.85,0.0,0
C01868,5.0,1.0,5.0,389.54,0.199999960000008,0
C01869,6.0,1.0,2.0,32.35,0.499999750000125,0
C01870,325.0,0.0,0.0,0.0,0.0,1
C01871,226.0,0.0,0.0,0.0,0.0,1
C01872,81.0,0.0,1.0,54.08,0.0,0
C01873,5.0,1.0,1.0,24.13,0.9999990000010001,1
C01874,13.0,2.0,4.0,84.17999999999999,0.49999987500003124,1
C01875,11.0,3.0,7.0,692.8499999999999,0.4285713673469475,0
C01876,0.0,9.0,40.0,4134.03,0.22499999437500015,0
C01877,1.0,1.0,4.0,255.84,0.24999993750001562,1
C01878,20.0,1.0,4.0,115.77999999999999,0.24999993750001562,1
C01879,127.0,0.0,0.0,0.0,0.0,1
C01880,7.0,1.0,5.0,88.02000000000001,0.199999960000008,0
C01881,38.0,0.0,5.0,450.07,0.0,0
C01882,31.0,0.0,3.0,357.0,0.0,1
C01883,35.0,0.0,1.0,21.29,0.0,0
C01884,227.0,0.0,0.0,0.0,0.0,1
C01885,49.0,0.0,5.0,357.34000000000003,0.0,1
C01886,81.0,0.0,1.0,3.99,0.0,0
C01887,5.0,3.0,7.0,246.12,0.4285713673469475,0
C01888,170.0,0.0,0.0,0.0,0.0,1
C01889,60.0,0.0,2.0,29.36,0.0,0
C01890,81.0,0.0,5.0,146.68,0.0,0
C01891,233.0,0.0,0.0,0.0,0.0,1
C01892,3.0,9.0,12.0,600.2900000000001,0.7499999375000053,0
C01893,5.0,1.0,4.0,215.46,0.24999993750001562,0
C01894,1.0,4.0,6.0,235.69,0.6666665555555741,1
C01895,11.0,2.0,3.0,149.07,0.6666664444445185,1
C01896,410.0,0.0,0.0,0.0,0.0,1
C01897,0.0,1.0,2.0,85.74000000000001,0.499999750000125,1
C01898,65.0,0.0,5.0,321.85,0.0,0
C01899,23.0,1.0,1.0,12.51,0.9999990000010001,1
C01900,352.0,0.0,0.0,0.0,0.0,0
C01901,2.0,4.0,8.0,315.36999999999995,0.4999999375000079,0
C01902,16.0,3.0,13.0,640.76,0.23076921301775286,0
C01903,38.0,0.0,2.0,77.02,0.0,1
C01904,24.0,1.0,5.0,499.93999999999994,0.199999960000008,0
C01905,3.0,1.0,15.0,708.2499999999999,0.06666666222222252,0
C01906,13.0,1.0,3.0,103.45,0.33333322222225925,1
C01907,2.0,1.0,3.0,139.0,0.33333322222225925,0
C01908,7.0,5.0,9.0,296.54,0.5555554938271674,0
C01909,19.0,3.0,12.0,751.83,0.2499999791666684,0
C01910,18.0,1.0,2.0,340.22,0.499999750000125,1
C01911,23.0,1.0,1.0,83.72,0.9999990000010001,1
C01912,0.0,4.0,9.0,382.57,0.44444439506173394,0
C01913,184.0,0.0,0.0,0.0,0.0,1
C01914,5.0,3.0,5.0,261.11,0.599999880000024,0
C01915,17.0,3.0,5.0,284.3,0.599999880000024,0
C01916,43.0,0.0,1.0,10.61,0.0,1
C01917,10.0,1.0,1.0,18.94,0.9999990000010001,0
C01918,20.0,1.0,1.0,33.52,0.9999990000010001,1
C01919,36.0,0.0,3.0,156.75,0.0,1
C01920,3.0,7.0,18.0,725.59,0.3888888672839518,0
C01921,24.0,1.0,3.0,264.73,0.33333322222225925,1
C01922,12.0,1.0,3.0,117.28,0.33333322222225925,0
C01923,78.0,0.0,1.0,94.12,0.0,1
C01924,76.0,0.0,1.0,29.46,0.0,1
C01925,2.0,2.0,7.0,347.33,0.285714244897965,1
C01926,33.0,0.0,4.0,93.01,0.0,1
C01927,7.0,1.0,1.0,59.89,0.9999990000010001,1
C01928,34.0,0.0,6.0,631.5799999999999,0.0,0
C01929,197.0,0.0,0.0,0.0,0.0,0
C01930,163.0,0.0,0.0,0.0,0.0,1
C01931,30.0,0.0,2.0,76.00999999999999,0.0,1
C01932,2.0,8.0,15.0,958.99,0.5333332977777802,0
C01933,35.0,0.0,4.0,227.97,0.0,0
C01934,166.0,0.0,0.0,0.0,0.0,1
C01935,43.0,0.0,1.0,28.31,0.0,0
C01936,30.0,0.0,6.0,295.46999999999997,0.0,0
C01937,1.0,2.0,6.0,420.51,0.33333327777778704,1
C01938,194.0,0.0,0.0,0.0,0.0,1
C01939,15.0,1.0,1.0,10.62,0.9999990000010001,1
C01940,245.0,0.0,0.0,0.0,0.0,0
C01941,24.0,2.0,4.0,598.83,0.49999987500003124,1
C01942,5.0,1.0,7.0,388.21000000000004,0.1428571224489825,0
C01943,1.0,4.0,11.0,584.05,0.3636363305785154,0
C01944,25.0,1.0,2.0,78.9,0.499999750000125,0
C01945,343.0,0.0,0.0,0.0,0.0,1
C01946,17.0,2.0,3.0,126.61999999999999,0.6666664444445185,0
C01947,11.0,1.0,2.0,559.8399999999999,0.499999750000125,0
C01948,8.0,4.0,10.0,448.64,0.39999996000000404,0
C01950,40.0,0.0,3.0,199.41,0.0,0
C01951,255.0,0.0,0.0,0.0,0.0,1
C01952,160.0,0.0,0.0,0.0,0.0,1
C01953,5.0,2.0,4.0,236.75,0.49999987500003124,0
C01954,254.0,0.0,0.0,0.0,0.0,1
C01955,2.0,1.0,5.0,263.73,0.199999960000008,1
C01956,2.0,3.0,19.0,981.36,0.15789472853185638,0
C01957,3.0,1.0,8.0,324.12,0.12499998437500197,0
C01958,10.0,1.0,2.0,144.35,0.499999750000125,0
C01959,366.0,0.0,0.0,0.0,0.0,1
C01960,20.0,2.0,4.0,281.81,0.49999987500003124,0
C01961,9.0,3.0,8.0,572.55,0.3749999531250059,0
C01962,31.0,0.0,1.0,9.42,0.0,1
C01963,25.0,1.0,7.0,448.03,0.1428571224489825,1
C01964,55.0,0.0,2.0,195.45,0.0,1
C01965,376.0,0.0,0.0,0.0,0.0,1
C01966,15.0,4.0,11.0,355.09000000000003,0.3636363305785154,1
C01967,181.0,0.0,0.0,0.0,0.0,1
C01968,11.0,2.0,4.0,406.77,0.49999987500003124,0
C01969,21.0,1.0,4.0,221.5,0.24999993750001562,0
C01970,208.0,0.0,0.0,0.0,0.0,1
C01971,54.0,0.0,1.0,14.98,0.0,1
C01972,262.0,0.0,0.0,0.0,0.0,0
C01973,4.0,3.0,8.0,414.16,0.3749999531250059,0
C01974,2.0,5.0,19.0,984.93,0.26315788088642733,0
C01975,7.0,3.0,5.0,177.70000000000002,0.599999880000024,0
C01976,4.0,5.0,6.0,375.27,0.8333331944444675,0
C01977,29.0,1.0,2.0,24.92,0.499999750000125,1
C01978,233.0,0.0,0.0,0.0,0.0,0
C01979,57.0,0.0,3.0,122.27000000000001,0.0,0
C01980,3.0,6.0,10.0,437.17,0.599999940000006,0
C01981,1.0,1.0,3.0,151.59,0.33333322222225925,0
C01982,11.0,1.0,3.0,75.39,0.33333322222225925,0
C01983,21.0,1.0,1.0,36.57,0.9999990000010001,0
C01984,215.0,0.0,0.0,0.0,0.0,1
C01985,10.0,2.0,4.0,100.99,0.49999987500003124,0
C01986,1.0,9.0,19.0,1426.24,0.47368418559556913,0
C01987,7.0,1.0,1.0,56.32,0.9999990000010001,0
C01988,4.0,3.0,7.0,259.37,0.4285713673469475,0
C01989,42.0,0.0,1.0,12.1,0.0,0
C01990,81.0,0.0,1.0,57.1,0.0,1
C01991,10.0,3.0,10.0,230.2,0.299999970000003,1
C01992,238.0,0.0,0.0,0.0,0.0,1
C01993,7.0,1.0,2.0,252.10000000000002,0.499999750000125,0
C01994,20.0,1.0,2.0,102.35,0.499999750000125,0
C01995,15.0,1.0,4.0,510.74,0.24999993750001562,0
C01996,4.0,1.0,3.0,132.85,0.33333322222225925,0
C01997,2.0,2.0,2.0,70.99,0.99999950000025,0
C01998,4.0,8.0,21.0,804.23,0.38095236281179223,0
C01999,176.0,0.0,0.0,0.0,0.0,1
C02000,26.0,1.0,4.0,249.14,0.24999993750001562,1
C02001,51.0,0.0,3.0,179.62,0.0,0
C02002,0.0,2.0,3.0,273.37,0.6666664444445185,0
C02003,2.0,5.0,13.0,881.98,0.3846153550295881,0
C02005,45.0,0.0,1.0,56.12,0.0,1
C02006,22.0,1.0,8.0,345.76,0.12499998437500197,1
C02007,0.0,2.0,7.0,311.63,0.285714244897965,0
C02008,12.0,2.0,7.0,503.90999999999997,0.285714244897965,0
C02009,12.0,3.0,5.0,590.13,0.599999880000024,0
C02010,12.0,1.0,2.0,104.63000000000001,0.499999750000125,1
C02011,17.0,1.0,2.0,234.63000000000002,0.499999750000125,0
C02012,3.0,5.0,18.0,1045.6499999999999,0.27777776234567986,0
C02013,4.0,2.0,2.0,39.660000000000004,0.99999950000025,0
C02014,7.0,6.0,26.0,1390.33,0.23076922189349144,0
C02015,352.0,0.0,0.0,0.0,0.0,1
C02016,45.0,0.0,1.0,52.52,0.0,0
C02017,37.0,0.0,3.0,43.31999999999999,0.0,0
C02018,12.0,1.0,1.0,40.67,0.9999990000010001,0
C02019,4.0,2.0,21.0,913.6899999999999,0.09523809070294806,0
C02020,199.0,0.0,0.0,0.0,0.0,1
C02021,1.0,2.0,5.0,443.19999999999993,0.399999920000016,0
C02022,201.0,0.0,0.0,0.0,0.0,0
C02023,23.0,2.0,3.0,177.16,0.6666664444445185,1
C02024,12.0,2.0,7.0,429.47,0.285714244897965,0
C02025,86.0,0.0,1.0,96.89,0.0,0
C02026,17.0,2.0,2.0,98.57,0.99999950000025,1
C02027,199.0,0.0,0.0,0.0,0.0,1
C02029,10.0,1.0,1.0,69.43,0.9999990000010001,1
C02030,3.0,4.0,17.0,818.6299999999999,0.23529410380622917,0
C02031,23.0,1.0,5.0,309.08000000000004,0.199999960000008,0
C02032,85.0,0.0,3.0,33.78,0.0,0
C02033,50.0,0.0,1.0,22.42,0.0,1
C02034,3.0,3.0,7.0,140.31,0.4285713673469475,1
C02035,69.0,0.0,2.0,21.700000000000003,0.0,0
C02036,2.0,3.0,9.0,666.12,0.33333329629630043,0
C02037,29.0,1.0,9.0,672.1700000000001,0.11111109876543349,0
C02038,0.0,2.0,3.0,137.57,0.6666664444445185,0
C02039,71.0,0.0,1.0,234.15,0.0,0
C02040,5.0,6.0,28.0,1673.0500000000002,0.21428570663265334,0
C02041,44.0,0.0,2.0,104.21000000000001,0.0,1
C02042,1.0,7.0,16.0,715.3199999999999,0.4374999726562517,0
C02043,275.0,0.0,0.0,0.0,0.0,1
C02044,9.0,2.0,8.0,479.35999999999996,0.24999996875000394,0
C02045,27.0,1.0,3.0,118.2,0.33333322222225925,1
C02046,293.0,0.0,0.0,0.0,0.0,1
C02047,63.0,0.0,2.0,31.04,0.0,1
C02048,5.0,4.0,12.0,874.54,0.3333333055555579,0
C02049,1.0,1.0,8.0,417.27,0.12499998437500197,0
C02050,246.0,0.0,0.0,0.0,0.0,1
C02051,12.0,2.0,4.0,173.85,0.49999987500003124,1
C02052,38.0,0.0,1.0,22.06,0.0,0
C02054,19.0,1.0,4.0,194.41,0.24999993750001562,1
C02055,8.0,1.0,2.0,18.759999999999998,0.499999750000125,1
C02056,144.0,0.0,0.0,0.0,0.0,1
C02057,152.0,0.0,0.0,0.0,0.0,1
C02058,67.0,0.0,3.0,263.11,0.0,0
C02059,18.0,1.0,1.0,55.35,0.9999990000010001,1
C02060,54.0,0.0,1.0,77.68,0.0,0
C02061,8.0,3.0,7.0,306.38,0.4285713673469475,1
C02062,246.0,0.0,0.0,0.0,0.0,1
C02063,17.0,1.0,1.0,20.01,0.9999990000010001,0
C02064,88.0,0.0,1.0,85.6,0.0,1
C02065,14.0,1.0,2.0,413.71999999999997,0.499999750000125,0
C02066,24.0,1.0,3.0,77.17,0.33333322222225925,1
C02067,3.0,1.0,1.0,37.47,0.9999990000010001,1
C02068,259.0,0.0,0.0,0.0,0.0,0
C02069,27.0,1.0,3.0,194.61,0.33333322222225925,0
C02070,2.0,1.0,5.0,192.36,0.199999960000008,0
C02071,2.0,4.0,9.0,385.85,0.44444439506173394,0
C02072,27.0,1.0,5.0,114.2,0.199999960000008,1
C02073,0.0,8.0,29.0,1640.62,0.27586205945303244,0
C02074,176.0,0.0,0.0,0.0,0.0,1
C02076,30.0,0.0,1.0,13.15,0.0,1
C02077,99.0,0.0,0.0,0.0,0.0,1
C02078,0.0,3.0,7.0,510.95,0.4285713673469475,0
C02079,1.0,3.0,8.0,675.6899999999999,0.3749999531250059,0
C02080,208.0,0.0,0.0,0.0,0.0,1
C02081,7.0,6.0,20.0,1953.86,0.29999998500000075,0
C02082,51.0,0.0,4.0,134.49,0.0,0
C02083,11.0,2.0,4.0,156.22,0.49999987500003124,1
C02084,250.0,0.0,0.0,0.0,0.0,0
C02085,138.0,0.0,0.0,0.0,0.0,1
C02086,19.0,2.0,3.0,140.46,0.6666664444445185,1
C02087,65.0,0.0,1.0,132.64,0.0,1
C02088,15.0,1.0,1.0,28.74,0.9999990000010001,0
C02089,323.0,0.0,0.0,0.0,0.0,1
C02090,24.0,2.0,6.0,297.25,0.33333327777778704,1
C02091,19.0,1.0,4.0,233.12,0.24999993750001562,0
C02092,7.0,5.0,9.0,622.47,0.5555554938271674,0
C02093,11.0,2.0,11.0,806.6700000000001,0.1818181652892577,0
C02094,38.0,0.0,2.0,104.56,0.0,0
C02095,10.0,4.0,6.0,539.8100000000001,0.6666665555555741,0
C02096,4.0,1.0,2.0,78.80000000000001,0.499999750000125,0
C02097,344.0,0.0,0.0,0.0,0.0,0
C02099,17.0,2.0,6.0,412.78999999999996,0.33333327777778704,0
C02100,16.0,1.0,6.0,448.4,0.16666663888889352,0
C02101,133.0,0.0,0.0,0.0,0.0,1
C02102,32.0,0.0,3.0,68.65,0.0,1
C02103,0.0,1.0,4.0,221.95,0.24999993750001562,1
C02104,339.0,0.0,0.0,0.0,0.0,1
C02105,2.0,3.0,7.0,334.53000000000003,0.4285713673469475,0
C02106,190.0,0.0,0.0,0.0,0.0,1
C02107,21.0,1.0,2.0,107.64,0.499999750000125,0
C02108,10.0,2.0,4.0,70.58,0.49999987500003124,0
C02109,68.0,0.0,2.0,183.99,0.0,1
C02110,2.0,1.0,4.0,283.26,0.24999993750001562,0
C02111,7.0,3.0,4.0,92.25,0.7499998125000469,1
C02112,77.0,0.0,1.0,23.22,0.0,0
C02113,328.0,0.0,0.0,0.0,0.0,0
C02115,46.0,0.0,2.0,152.63,0.0,1
C02116,68.0,0.0,2.0,43.58,0.0,1
C02117,2.0,3.0,4.0,424.53,0.7499998125000469,0
C02118,7.0,4.0,13.0,408.07,0.3076922840236705,0
C02119,324.0,0.0,0.0,0.0,0.0,0
C02121,74.0,0.0,1.0,19.7,0.0,0
C02122,0.0,1.0,3.0,89.44,0.33333322222225925,0
C02123,218.0,0.0,0.0,0.0,0.0,1
C02124,5.0,2.0,10.0,310.36,0.19999998000000202,1
C02125,28.0,1.0,9.0,1226.23,0.11111109876543349,0
C02126,162.0,0.0,0.0,0.0,0.0,1
C02127,10.0,5.0,18.0,1467.2600000000002,0.27777776234567986,0
C02128,10.0,2.0,13.0,698.14,0.15384614201183525,1
C02129,187.0,0.0,0.0,0.0,0.0,0
C02130,63.0,0.0,1.0,244.74,0.0,0
C02131,82.0,0.0,3.0,71.84,0.0,1
C02132,4.0,1.0,6.0,614.8399999999999,0.16666663888889352,0
C02133,87.0,0.0,1.0,7.77,0.0,1
C02134,12.0,3.0,5.0,244.72000000000003,0.599999880000024,0
C02135,0.0,2.0,4.0,138.78000000000003,0.49999987500003124,0
C02136,19.0,1.0,5.0,248.62,0.199999960000008,0
C02137,129.0,0.0,0.0,0.0,0.0,1
C02138,8.0,3.0,12.0,798.17,0.2499999791666684,0
C02139,30.0,0.0,3.0,142.27,0.0,1
C02140,9.0,1.0,6.0,374.09,0.16666663888889352,0
C02141,10.0,1.0,2.0,181.04,0.499999750000125,0
C02142,207.0,0.0,0.0,0.0,0.0,1
C02143,3.0,1.0,4.0,111.94000000000001,0.24999993750001562,0
C02144,19.0,2.0,5.0,113.68,0.399999920000016,0
C02145,17.0,1.0,2.0,222.32,0.499999750000125,0
C02146,50.0,0.0,1.0,74.71,0.0,1
C02147,19.0,3.0,6.0,194.58,0.49999991666668053,0
C02148,4.0,3.0,6.0,551.55,0.49999991666668053,0
C02149,9.0,2.0,10.0,616.0799999999999,0.19999998000000202,0
C02150,70.0,0.0,1.0,22.28,0.0,1
C02151,11.0,2.0,4.0,217.51999999999998,0.49999987500003124,0
C02152,189.0,0.0,0.0,0.0,0.0,0
C02153,76.0,0.0,1.0,77.64,0.0,0
C02154,231.0,0.0,0.0,0.0,0.0,0
C02155,91.0,0.0,0.0,0.0,0.0,1
C02156,3.0,7.0,27.0,1590.95,0.2592592496570648,0
C02157,36.0,0.0,1.0,136.96,0.0,0
C02158,3.0,3.0,7.0,323.49,0.4285713673469475,0
C02159,329.0,0.0,0.0,0.0,0.0,1
C02160,39.0,0.0,2.0,244.39,0.0,0
C02161,1.0,6.0,9.0,583.7099999999999,0.6666665925926009,0
C02162,4.0,2.0,8.0,594.15,0.24999996875000394,1
C02163,17.0,1.0,4.0,399.29999999999995,0.24999993750001562,0
C02164,206.0,0.0,0.0,0.0,0.0,0
C02165,9.0,1.0,11.0,590.22,0.09090908264462885,0
C02166,21.0,1.0,6.0,207.78,0.16666663888889352,0
C02167,359.0,0.0,0.0,0.0,0.0,1
C02168,53.0,0.0,2.0,134.97,0.0,1
C02169,3.0,3.0,4.0,237.36999999999998,0.7499998125000469,1
C02170,102.0,0.0,0.0,0.0,0.0,0
C02171,14.0,1.0,1.0,186.24,0.9999990000010001,0
C02172,4.0,3.0,14.0,1004.9599999999999,0.21428569897959293,0
C02173,328.0,0.0,0.0,0.0,0.0,1
C02174,1.0,3.0,8.0,672.47,0.3749999531250059,1
C02175,18.0,1.0,5.0,180.58999999999997,0.199999960000008,0
C02176,71.0,0.0,1.0,57.56,0.0,0
C02177,115.0,0.0,0.0,0.0,0.0,1
C02178,249.0,0.0,0.0,0.0,0.0,0
C02179,2.0,3.0,6.0,623.2099999999999,0.49999991666668053,0
C02180,53.0,0.0,1.0,26.94,0.0,1
C02181,13.0,2.0,5.0,249.75,0.399999920000016,1
C02182,152.0,0.0,0.0,0.0,0.0,1
C02183,42.0,0.0,5.0,133.11999999999998,0.0,1
C02184,86.0,0.0,1.0,57.2,0.0,1
C02185,110.0,0.0,0.0,0.0,0.0,1
C02186,85.0,0.0,1.0,92.09,0.0,1
C02187,8.0,1.0,1.0,269.21,0.9999990000010001,0
C02188,2.0,2.0,3.0,312.71999999999997,0.6666664444445185,0
C02190,11.0,2.0,2.0,87.85000000000001,0.99999950000025,1
C02192,46.0,0.0,2.0,133.16,0.0,1
C02193,5.0,6.0,19.0,955.64,0.31578945706371275,0
C02194,117.0,0.0,0.0,0.0,0.0,1
C02195,9.0,1.0,1.0,30.01,0.9999990000010001,1
C02196,6.0,5.0,13.0,790.1699999999998,0.3846153550295881,0
C02197,372.0,0.0,0.0,0.0,0.0,1
C02198,14.0,1.0,2.0,58.32,0.499999750000125,1
C02199,25.0,1.0,4.0,286.01,0.24999993750001562,1
C02200,76.0,0.0,1.0,46.2,0.0,0
C02201,342.0,0.0,0.0,0.0,0.0,1
C02202,3.0,1.0,3.0,260.11,0.33333322222225925,0
C02203,18.0,1.0,6.0,171.43,0.16666663888889352,1
C02204,0.0,9.0,19.0,1038.7,0.47368418559556913,0
C02205,315.0,0.0,0.0,0.0,0.0,1
C02207,4.0,3.0,7.0,1089.05,0.4285713673469475,0
C02208,64.0,0.0,2.0,135.89,0.0,1
C02209,6.0,2.0,13.0,547.3,0.15384614201183525,0
C02210,85.0,0.0,1.0,121.75,0.0,1
C02211,39.0,0.0,7.0,154.64000000000001,0.0,0
C02212,60.0,0.0,3.0,231.10000000000002,0.0,1
C02213,1.0,2.0,8.0,441.2,0.24999996875000394,0
C02214,39.0,0.0,4.0,236.07000000000002,0.0,0
C02215,6.0,3.0,10.0,439.18,0.299999970000003,0
C02216,149.0,0.0,0.0,0.0,0.0,1
C02217,23.0,1.0,2.0,193.38,0.499999750000125,0
C02218,0.0,1.0,1.0,39.09,0.9999990000010001,0
C02219,83.0,0.0,1.0,60.24,0.0,1
C02220,0.0,1.0,4.0,241.42,0.24999993750001562,0
C02221,22.0,1.0,2.0,169.70999999999998,0.499999750000125,1
C02222,5.0,1.0,5.0,147.2,0.199999960000008,0
C02223,2.0,1.0,2.0,209.15000000000003,0.499999750000125,0
C02224,100.0,0.0,0.0,0.0,0.0,1
C02225,42.0,0.0,2.0,127.72,0.0,1
C02228,36.0,0.0,4.0,238.92999999999998,0.0,1
C02229,73.0,0.0,2.0,170.57,0.0,1
C02230,319.0,0.0,0.0,0.0,0.0,0
C02231,5.0,3.0,11.0,1082.55,0.2727272479338866,0
C02232,9.0,1.0,3.0,48.31,0.33333322222225925,1
C02234,214.0,0.0,0.0,0.0,0.0,0
C02235,4.0,3.0,9.0,656.17,0.33333329629630043,0
C02236,14.0,2.0,3.0,130.89,0.6666664444445185,1
C02237,19.0,2.0,14.0,527.1800000000001,0.14285713265306196,0
C02238,71.0,0.0,1.0,63.57,0.0,0
C02239,26.0,1.0,1.0,86.25,0.9999990000010001,0
C02240,6.0,3.0,6.0,307.13,0.49999991666668053,0
C02241,7.0,1.0,1.0,80.47,0.9999990000010001,1
C02242,116.0,0.0,0.0,0.0,0.0,1
C02243,41.0,0.0,2.0,197.32,0.0,1
C02244,8.0,3.0,4.0,205.24,0.7499998125000469,1
C02245,11.0,2.0,7.0,680.25,0.285714244897965,0
C02246,10.0,2.0,8.0,692.75,0.24999996875000394,0
C02247,2.0,4.0,17.0,647.39,0.23529410380622917,0
C02248,54.0,0.0,1.0,60.81,0.0,1
C02249,9.0,4.0,6.0,312.11,0.6666665555555741,0
C02250,17.0,1.0,2.0,83.46000000000001,0.499999750000125,1
C02251,130.0,0.0,0.0,0.0,0.0,1
C02252,36.0,0.0,6.0,325.03000000000003,0.0,0
C02253,15.0,1.0,1.0,30.37,0.9999990000010001,0
C02254,2.0,1.0,5.0,353.13,0.199999960000008,0
C02255,299.0,0.0,0.0,0.0,0.0,1
C02256,6.0,4.0,15.0,734.3600000000001,0.2666666488888901,0
C02257,41.0,0.0,1.0,88.72,0.0,1
C02258,46.0,0.0,2.0,63.24,0.0,0
C02259,222.0,0.0,0.0,0.0,0.0,1
C02260,1.0,4.0,8.0,393.53,0.4999999375000079,0
C02261,1.0,1.0,2.0,75.05,0.499999750000125,1
C02262,37.0,0.0,2.0,119.64999999999999,0.0,0
C02263,41.0,0.0,2.0,118.08000000000001,0.0,0
C02264,303.0,0.0,0.0,0.0,0.0,1
C02265,1.0,5.0,18.0,982.11,0.27777776234567986,0
C02266,22.0,1.0,1.0,22.21,0.9999990000010001,0
C02267,7.0,3.0,16.0,1456.8899999999999,0.18749998828125072,0
C02268,29.0,1.0,6.0,400.33,0.16666663888889352,0
C02269,36.0,0.0,2.0,60.54,0.0,0
C02270,3.0,2.0,5.0,362.28000000000003,0.399999920000016,0
C02271,5.0,4.0,15.0,865.3499999999999,0.2666666488888901,0
C02272,16.0,1.0,9.0,410.89,0.11111109876543349,0
C02273,104.0,0.0,0.0,0.0,0.0,1
C02274,286.0,0.0,0.0,0.0,0.0,1
C02275,64.0,0.0,1.0,94.87,0.0,0
C02276,8.0,4.0,7.0,321.98,0.57142848979593,0
C02277,1.0,1.0,3.0,151.92,0.33333322222225925,0
C02278,12.0,3.0,8.0,1020.4799999999999,0.3749999531250059,0
C02279,56.0,0.0,3.0,94.65,0.0,1
C02280,52.0,0.0,3.0,160.35,0.0,0
C02281,12.0,3.0,9.0,374.58000000000004,0.33333329629630043,0
C02282,23.0,1.0,2.0,34.769999999999996,0.499999750000125,1
C02283,2.0,6.0,18.0,748.17,0.3333333148148158,0
C02284,11.0,3.0,7.0,630.49,0.4285713673469475,0
C02285,217.0,0.0,0.0,0.0,0.0,1
C02286,23.0,1.0,3.0,354.19,0.33333322222225925,1
C02287,33.0,0.0,1.0,70.66,0.0,1
C02288,10.0,2.0,3.0,319.59000000000003,0.6666664444445185,0
C02289,10.0,1.0,2.0,185.92000000000002,0.499999750000125,1
C02290,9.0,1.0,1.0,22.08,0.9999990000010001,0
C02291,11.0,4.0,9.0,772.85,0.44444439506173394,0
C02292,4.0,5.0,12.0,626.8299999999999,0.41666663194444736,0
C02293,22.0,2.0,8.0,194.61,0.24999996875000394,0
C02294,40.0,0.0,3.0,225.60000000000002,0.0,0
C02295,20.0,1.0,3.0,348.54999999999995,0.33333322222225925,0
C02296,27.0,1.0,2.0,177.65,0.499999750000125,0
C02297,229.0,0.0,0.0,0.0,0.0,1
C02298,2.0,1.0,2.0,146.72,0.499999750000125,1
C02299,17.0,1.0,3.0,509.74999999999994,0.33333322222225925,1
C02300,180.0,0.0,0.0,0.0,0.0,1
C02301,3.0,3.0,5.0,176.0,0.599999880000024,1
C02302,114.0,0.0,0.0,0.0,0.0,1
C02303,22.0,1.0,3.0,134.74,0.33333322222225925,0
C02305,252.0,0.0,0.0,0.0,0.0,1
C02306,17.0,1.0,6.0,263.76,0.16666663888889352,0
C02307,4.0,2.0,5.0,312.52,0.399999920000016,1
C02308,1.0,3.0,10.0,703.1300000000001,0.299999970000003,0
C02309,134.0,0.0,0.0,0.0,0.0,1
C02310,35.0,0.0,8.0,369.44,0.0,1
C02311,78.0,0.0,2.0,109.22,0.0,0
C02312,2.0,3.0,7.0,241.82999999999998,0.4285713673469475,0
C02313,83.0,0.0,1.0,26.18,0.0,1
C02314,38.0,0.0,2.0,58.010000000000005,0.0,1
C02315,110.0,0.0,0.0,0.0,0.0,1
C02316,167.0,0.0,0.0,0.0,0.0,1
C02317,43.0,0.0,2.0,27.5,0.0,1
C02318,21.0,1.0,4.0,273.46,0.24999993750001562,1
C02319,4.0,3.0,7.0,564.45,0.4285713673469475,0
C02320,11.0,3.0,8.0,751.1299999999999,0.3749999531250059,0
C02321,85.0,0.0,1.0,18.31,0.0,0
C02322,62.0,0.0,4.0,275.78999999999996,0.0,0
C02323,5.0,2.0,9.0,603.9,0.22222219753086697,0
C02324,160.0,0.0,0.0,0.0,0.0,0
C02325,5.0,3.0,5.0,205.36,0.599999880000024,1
C02326,14.0,5.0,8.0,271.85,0.6249999218750099,0
C02327,15.0,1.0,3.0,711.01,0.33333322222225925,1
C02328,68.0,0.0,1.0,90.37,0.0,1
C02329,22.0,1.0,4.0,250.49,0.24999993750001562,0
C02330,371.0,0.0,0.0,0.0,0.0,1
C02331,13.0,1.0,8.0,512.72,0.12499998437500197,0
C02332,7.0,3.0,6.0,491.31000000000006,0.49999991666668053,1
C02333,25.0,1.0,2.0,114.46000000000001,0.499999750000125,0
C02334,74.0,0.0,1.0,62.3,0.0,1
C02335,94.0,0.0,0.0,0.0,0.0,1
C02338,16.0,4.0,26.0,1605.0299999999997,0.15384614792899431,0
C02339,5.0,4.0,6.0,370.82000000000005,0.6666665555555741,0
C02340,72.0,0.0,2.0,152.61,0.0,0
C02341,32.0,0.0,1.0,109.64,0.0,1
C02342,107.0,0.0,0.0,0.0,0.0,1
C02343,8.0,2.0,5.0,163.88000000000002,0.399999920000016,0
C02344,25.0,1.0,4.0,279.64,0.24999993750001562,0
C02345,99.0,0.0,0.0,0.0,0.0,1
C02346,39.0,0.0,2.0,42.07,0.0,0
C02347,3.0,9.0,22.0,1190.0100000000002,0.4090908904958686,0
C02348,43.0,0.0,1.0,67.48,0.0,1
C02349,3.0,3.0,6.0,316.24,0.49999991666668053,0
C02350,22.0,2.0,10.0,311.97,0.19999998000000202,0
C02351,1.0,4.0,10.0,693.8000000000001,0.39999996000000404,0
C02352,27.0,2.0,3.0,180.68,0.6666664444445185,0
C02353,284.0,0.0,0.0,0.0,0.0,1
C02354,60.0,0.0,5.0,235.42,0.0,0
C02355,22.0,2.0,8.0,342.78999999999996,0.24999996875000394,1
C02356,4.0,4.0,9.0,692.7,0.44444439506173394,0
C02357,12.0,2.0,2.0,61.5,0.99999950000025,1
C02358,13.0,1.0,4.0,156.45999999999998,0.24999993750001562,0
C02359,2.0,12.0,35.0,2056.84,0.3428571330612248,0
C02360,59.0,0.0,1.0,28.09,0.0,0
C02361,2.0,3.0,10.0,625.3700000000001,0.299999970000003,1
C02362,14.0,1.0,6.0,463.98,0.16666663888889352,0
C02363,29.0,1.0,2.0,33.93,0.499999750000125,1
C02364,1.0,3.0,9.0,971.58,0.33333329629630043,0
C02365,26.0,1.0,6.0,130.77,0.16666663888889352,0
C02366,7.0,1.0,3.0,137.65,0.33333322222225925,0
C02367,367.0,0.0,0.0,0.0,0.0,1
C02368,91.0,0.0,0.0,0.0,0.0,1
C02369,2.0,4.0,12.0,537.1,0.3333333055555579,0
C02370,36.0,0.0,1.0,10.53,0.0,1
C02371,150.0,0.0,0.0,0.0,0.0,0
C02372,42.0,0.0,1.0,29.62,0.0,1
C02373,2.0,1.0,1.0,51.72,0.9999990000010001,1
C02374,301.0,0.0,0.0,0.0,0.0,1
C02375,76.0,0.0,1.0,97.17,0.0,0
C02376,80.0,0.0,2.0,37.0,0.0,1
C02377,61.0,0.0,2.0,149.5,0.0,0
C02378,25.0,2.0,3.0,342.13,0.6666664444445185,1
C02379,10.0,3.0,5.0,196.67000000000002,0.599999880000024,0
C02380,57.0,0.0,3.0,370.78000000000003,0.0,0
C02381,39.0,0.0,1.0,35.06,0.0,0
C02382,74.0,0.0,3.0,70.03,0.0,1
C02383,0.0,3.0,6.0,407.26,0.49999991666668053,1
C02384,38.0,0.0,3.0,103.84,0.0,0
C02385,56.0,0.0,2.0,9.66,0.0,0
C02386,17.0,2.0,10.0,411.98,0.19999998000000202,0
C02387,376.0,0.0,0.0,0.0,0.0,1
C02389,110.0,0.0,0.0,0.0,0.0,1
C02390,56.0,0.0,2.0,60.31999999999999,0.0,0
C02391,4.0,4.0,8.0,531.02,0.4999999375000079,0
C02392,8.0,1.0,2.0,18.6,0.499999750000125,1
C02393,25.0,1.0,5.0,150.91,0.199999960000008,1
C02394,246.0,0.0,0.0,0.0,0.0,1
C02395,28.0,1.0,3.0,123.08,0.33333322222225925,0
C02396,35.0,0.0,8.0,446.15999999999997,0.0,1
C02397,71.0,0.0,1.0,50.47,0.0,1
C02398,50.0,0.0,1.0,25.3,0.0,1
C02399,8.0,1.0,5.0,317.31,0.199999960000008,1
C02400,100.0,0.0,0.0,0.0,0.0,0
C02401,14.0,1.0,2.0,118.43,0.499999750000125,1
C02402,49.0,0.0,1.0,24.66,0.0,0
C02403,38.0,0.0,3.0,54.83,0.0,1
C02404,1.0,6.0,10.0,362.62,0.599999940000006,0
C02405,11.0,1.0,3.0,127.83,0.33333322222225925,0
C02406,8.0,1.0,7.0,617.49,0.1428571224489825,0
C02407,34.0,0.0,2.0,195.39,0.0,0
C02408,200.0,0.0,0.0,0.0,0.0,1
C02410,74.0,0.0,2.0,106.42,0.0,1
C02411,11.0,1.0,2.0,12.11,0.499999750000125,0
C02412,38.0,0.0,1.0,76.63,0.0,0
C02413,34.0,0.0,2.0,263.0,0.0,1
C02414,18.0,1.0,7.0,567.3100000000001,0.1428571224489825,0
C02415,69.0,0.0,2.0,82.13,0.0,0
C02416,29.0,1.0,3.0,525.8299999999999,0.33333322222225925,0
C02417,328.0,0.0,0.0,0.0,0.0,1
C02418,60.0,0.0,1.0,86.51,0.0,1
C02419,60.0,0.0,5.0,122.39,0.0,0
C02420,1.0,3.0,15.0,1015.2400000000002,0.19999998666666757,0
C02421,8.0,2.0,2.0,46.75,0.99999950000025,0
C02423,22.0,1.0,1.0,64.49,0.9999990000010001,1
C02424,26.0,1.0,1.0,94.48,0.9999990000010001,1
C02425,19.0,1.0,2.0,74.13,0.499999750000125,1
C02426,14.0,1.0,1.0,56.35,0.9999990000010001,0
C02427,16.0,3.0,13.0,964.17,0.23076921301775286,0
C02428,387.0,0.0,0.0,0.0,0.0,1
C02429,351.0,0.0,0.0,0.0,0.0,0
C02430,131.0,0.0,0.0,0.0,0.0,1
C02431,81.0,0.0,2.0,97.96,0.0,1
C02432,303.0,0.0,0.0,0.0,0.0,0
C02433,23.0,1.0,2.0,172.73,0.499999750000125,0
C02435,98.0,0.0,0.0,0.0,0.0,1
C02436,53.0,0.0,4.0,275.07,0.0,0
C02437,12.0,1.0,3.0,114.64999999999999,0.33333322222225925,1
C02438,23.0,1.0,3.0,278.32,0.33333322222225925,1
C02439,99.0,0.0,0.0,0.0,0.0,1
C02440,0.0,4.0,5.0,207.56,0.799999840000032,1
C02441,96.0,0.0,0.0,0.0,0.0,0
C02442,8.0,1.0,12.0,793.3000000000002,0.08333332638888948,1
C02443,296.0,0.0,0.0,0.0,0.0,1
C02444,22.0,2.0,8.0,504.32,0.24999996875000394,0
C02445,19.0,1.0,14.0,1061.18,0.07142856632653098,1
C02446,4.0,3.0,12.0,764.12,0.2499999791666684,0
C02447,38.0,0.0,6.0,244.27999999999997,0.0,1
C02448,8.0,2.0,5.0,156.32,0.399999920000016,0
C02449,30.0,0.0,5.0,460.82,0.0,0
C02450,2.0,3.0,4.0,49.92,0.7499998125000469,1
C02451,6.0,1.0,5.0,258.1,0.199999960000008,0
C02452,4.0,1.0,8.0,499.89000000000004,0.12499998437500197,1
C02453,13.0,1.0,8.0,505.67,0.12499998437500197,0
C02454,48.0,0.0,1.0,21.08,0.0,1
C02455,3.0,4.0,8.0,439.03,0.4999999375000079,0
C02456,45.0,0.0,1.0,16.61,0.0,1
C02457,152.0,0.0,0.0,0.0,0.0,1
C02458,15.0,2.0,4.0,146.29,0.49999987500003124,0
C02459,5.0,1.0,4.0,520.98,0.24999993750001562,0
C02460,12.0,1.0,5.0,187.43,0.199999960000008,0
C02461,185.0,0.0,0.0,0.0,0.0,1
C02462,1.0,3.0,12.0,660.16,0.2499999791666684,0
C02464,13.0,3.0,17.0,1090.75,0.17647057785467188,0
C02465,51.0,0.0,2.0,180.84,0.0,0
C02466,25.0,1.0,3.0,136.28,0.33333322222225925,1
C02467,299.0,0.0,0.0,0.0,0.0,1
C02468,62.0,0.0,1.0,27.4,0.0,1
C02469,26.0,1.0,4.0,226.83999999999997,0.24999993750001562,1
C02470,78.0,0.0,3.0,78.1,0.0,1
C02471,15.0,2.0,7.0,214.35,0.285714244897965,0
C02472,239.0,0.0,0.0,0.0,0.0,1
C02473,0.0,10.0,29.0,1654.29,0.3448275743162905,0
C02474,38.0,0.0,2.0,90.32,0.0,1
C02475,12.0,2.0,6.0,480.15,0.33333327777778704,1
C02476,20.0,1.0,3.0,144.52,0.33333322222225925,1
C02477,296.0,0.0,0.0,0.0,0.0,1
C02478,8.0,3.0,38.0,2266.1000000000004,0.07894736634349037,0
C02479,23.0,1.0,2.0,153.51,0.499999750000125,1
C02480,40.0,0.0,6.0,421.87,0.0,0
C02481,106.0,0.0,0.0,0.0,0.0,0
C02482,43.0,0.0,1.0,43.52,0.0,0
C02483,305.0,0.0,0.0,0.0,0.0,0
C02484,35.0,0.0,5.0,403.74,0.0,1
C02485,52.0,0.0,1.0,54.32,0.0,1
C02486,4.0,2.0,5.0,307.59,0.399999920000016,1
C02487,166.0,0.0,0.0,0.0,0.0,1
C02488,270.0,0.0,0.0,0.0,0.0,1
C02489,5.0,4.0,15.0,1148.71,0.2666666488888901,0
C02490,54.0,0.0,1.0,16.06,0.0,1
C02491,8.0,2.0,3.0,285.46000000000004,0.6666664444445185,0
C02492,7.0,2.0,15.0,945.7800000000001,0.13333332444444504,0
C02494,2.0,2.0,15.0,674.5100000000001,0.13333332444444504,0
C02495,22.0,2.0,5.0,257.76,0.399999920000016,1
C02496,1.0,3.0,15.0,620.1899999999999,0.19999998666666757,0
C02497,282.0,0.0,0.0,0.0,0.0,0
C02498,9.0,3.0,6.0,479.95000000000005,0.49999991666668053,0
C02499,309.0,0.0,0.0,0.0,0.0,1
C02500,23.0,1.0,2.0,42.69,0.499999750000125,1
C02501,2.0,5.0,14.0,983.9899999999998,0.3571428316326549,0
C02502,3.0,5.0,9.0,436.54999999999995,0.5555554938271674,0
C02503,17.0,1.0,11.0,498.85,0.09090908264462885,0
C02504,2.0,2.0,8.0,480.90999999999997,0.24999996875000394,1
C02505,7.0,4.0,10.0,434.46999999999997,0.39999996000000404,0
C02506,33.0,0.0,3.0,138.12,0.0,1
C02507,139.0,0.0,0.0,0.0,0.0,0
C02508,6.0,1.0,5.0,377.02,0.199999960000008,1
C02509,71.0,0.0,1.0,33.28,0.0,1
C02510,74.0,0.0,3.0,397.67,0.0,0
C02511,2.0,1.0,10.0,1402.38,0.09999999000000101,0
C02512,8.0,2.0,5.0,332.14,0.399999920000016,0
C02513,296.0,0.0,0.0,0.0,0.0,1
C02514,294.0,0.0,0.0,0.0,0.0,1
C02515,1.0,2.0,5.0,178.60000000000002,0.399999920000016,0
C02516,241.0,0.0,0.0,0.0,0.0,0
C02517,1.0,2.0,9.0,823.23,0.22222219753086697,0
C02518,11.0,2.0,5.0,198.28,0.399999920000016,0
C02519,5.0,2.0,3.0,415.19,0.6666664444445185,0
C02520,161.0,0.0,0.0,0.0,0.0,1
C02521,9.0,1.0,1.0,4.28,0.9999990000010001,0
C02522,268.0,0.0,0.0,0.0,0.0,0
C02523,18.0,1.0,5.0,337.9,0.199999960000008,0
C02524,0.0,3.0,5.0,125.6,0.599999880000024,1
C02525,405.0,0.0,0.0,0.0,0.0,0
C02526,63.0,0.0,1.0,87.05,0.0,1
C02527,11.0,4.0,13.0,888.75,0.3076922840236705,0
C02528,7.0,5.0,11.0,257.8,0.4545454132231443,0
C02529,2.0,3.0,12.0,510.14,0.2499999791666684,0
C02530,124.0,0.0,0.0,0.0,0.0,1
C02531,372.0,0.0,0.0,0.0,0.0,1
C02532,31.0,0.0,1.0,73.55,0.0,0
C02533,11.0,2.0,5.0,324.46,0.399999920000016,0
C02534,86.0,0.0,2.0,46.760000000000005,0.0,0
C02535,1.0,2.0,5.0,138.3,0.399999920000016,1
C02536,32.0,0.0,2.0,88.25999999999999,0.0,1
C02537,36.0,0.0,4.0,157.98,0.0,0
C02538,143.0,0.0,0.0,0.0,0.0,0
C02539,4.0,3.0,9.0,260.49,0.33333329629630043,0
C02540,166.0,0.0,0.0,0.0,0.0,0
C02541,6.0,1.0,2.0,107.88,0.499999750000125,0
C02542,182.0,0.0,0.0,0.0,0.0,0
C02543,175.0,0.0,0.0,0.0,0.0,1
C02544,8.0,6.0,21.0,1144.01,0.28571427210884415,0
C02545,59.0,0.0,3.0,55.92,0.0,0
C02546,2.0,4.0,11.0,539.87,0.3636363305785154,0
C02547,16.0,2.0,14.0,640.0800000000002,0.14285713265306196,0
C02549,408.0,0.0,0.0,0.0,0.0,1
C02550,16.0,2.0,4.0,168.29,0.49999987500003124,0
C02551,230.0,0.0,0.0,0.0,0.0,1
C02552,20.0,3.0,5.0,276.64,0.599999880000024,0
C02553,6.0,1.0,1.0,2.19,0.9999990000010001,0
C02554,35.0,0.0,2.0,49.190000000000005,0.0,1
C02555,96.0,0.0,0.0,0.0,0.0,1
C02556,7.0,1.0,6.0,143.44,0.16666663888889352,0
C02557,93.0,0.0,0.0,0.0,0.0,1
C02558,51.0,0.0,2.0,118.1,0.0,0
C02559,196.0,0.0,0.0,0.0,0.0,0
C02560,11.0,2.0,7.0,225.06,0.285714244897965,0
C02561,33.0,0.0,1.0,105.58,0.0,0
C02562,9.0,2.0,4.0,202.79999999999998,0.49999987500003124,0
C02563,46.0,0.0,2.0,10.78,0.0,1
C02564,67.0,0.0,4.0,591.03,0.0,1
C02565,13.0,1.0,3.0,210.1,0.33333322222225925,0
C02566,1.0,3.0,10.0,421.42,0.299999970000003,0
C02567,18.0,2.0,3.0,229.11,0.6666664444445185,1
C02568,3.0,1.0,4.0,94.97,0.24999993750001562,1
C02569,4.0,1.0,5.0,289.68,0.199999960000008,0
C02570,7.0,1.0,5.0,316.37,0.199999960000008,0
C02571,66.0,0.0,1.0,14.26,0.0,1
C02572,12.0,1.0,2.0,119.11,0.499999750000125,1
C02573,9.0,3.0,5.0,441.86,0.599999880000024,0
C02574,1.0,1.0,3.0,155.11,0.33333322222225925,0
C02575,8.0,1.0,2.0,49.19,0.499999750000125,1
C02576,7.0,1.0,5.0,232.48000000000005,0.199999960000008,0
C02577,53.0,0.0,2.0,81.44,0.0,0
C02578,7.0,2.0,3.0,269.52,0.6666664444445185,0
C02579,83.0,0.0,1.0,70.12,0.0,1
C02580,116.0,0.0,0.0,0.0,0.0,0
C02582,9.0,2.0,2.0,235.85999999999999,0.99999950000025,0
C02583,61.0,0.0,2.0,155.73000000000002,0.0,1
C02584,67.0,0.0,1.0,29.56,0.0,1
C02586,1.0,9.0,33.0,2345.47,0.2727272644628102,0
C02589,202.0,0.0,0.0,0.0,0.0,1
C02590,6.0,3.0,8.0,453.47,0.3749999531250059,1
C02591,2.0,6.0,10.0,403.87000000000006,0.599999940000006,0
C02592,154.0,0.0,0.0,0.0,0.0,1
C02593,32.0,0.0,2.0,193.35000000000002,0.0,0
C02594,25.0,1.0,1.0,31.56,0.9999990000010001,1
C02595,13.0,1.0,5.0,221.41999999999996,0.199999960000008,0
C02596,25.0,1.0,1.0,5.45,0.9999990000010001,1
C02597,70.0,0.0,1.0,300.02,0.0,0
C02598,2.0,1.0,3.0,96.54999999999998,0.33333322222225925,0
C02599,50.0,0.0,2.0,85.27000000000001,0.0,1
C02600,44.0,0.0,3.0,134.75,0.0,1
C02601,12.0,1.0,2.0,65.36,0.499999750000125,1
C02602,103.0,0.0,0.0,0.0,0.0,1
C02603,0.0,2.0,7.0,515.6300000000001,0.285714244897965,1
C02604,14.0,2.0,3.0,193.93,0.6666664444445185,1
C02605,158.0,0.0,0.0,0.0,0.0,1
C02606,36.0,0.0,3.0,218.83,0.0,0
C02607,22.0,1.0,12.0,856.81,0.08333332638888948,0
C02608,8.0,1.0,7.0,321.91,0.1428571224489825,0
C02609,53.0,0.0,1.0,179.36,0.0,0
C02610,15.0,2.0,6.0,302.39,0.33333327777778704,0
C02611,271.0,0.0,0.0,0.0,0.0,1
C02612,13.0,1.0,2.0,55.78,0.499999750000125,1
C02614,33.0,0.0,3.0,219.89,0.0,0
C02615,53.0,0.0,3.0,120.94,0.0,0
C02616,13.0,2.0,17.0,912.01,0.11764705190311459,0
C02617,8.0,3.0,6.0,208.7,0.49999991666668053,1
C02618,26.0,1.0,4.0,320.54,0.24999993750001562,0
C02619,4.0,2.0,2.0,77.63,0.99999950000025,1
C02620,68.0,0.0,1.0,23.69,0.0,1
C02621,126.0,0.0,0.0,0.0,0.0,1
C02622,106.0,0.0,0.0,0.0,0.0,0
C02623,26.0,1.0,7.0,670.2199999999999,0.1428571224489825,0
C02624,68.0,0.0,2.0,90.28,0.0,1
C02625,0.0,1.0,3.0,201.73000000000002,0.33333322222225925,0
C02626,16.0,1.0,4.0,128.08,0.24999993750001562,0
C02627,0.0,6.0,18.0,890.51,0.3333333148148158,0
C02628,3.0,1.0,1.0,75.6,0.9999990000010001,1
C02629,21.0,1.0,6.0,309.08000000000004,0.16666663888889352,0
C02630,27.0,1.0,2.0,139.93,0.499999750000125,0
C02631,1.0,4.0,12.0,998.6400000000001,0.3333333055555579,0
C02632,4.0,2.0,7.0,413.51,0.285714244897965,0
C02633,58.0,0.0,1.0,53.35,0.0,0
C02634,37.0,0.0,4.0,106.19999999999999,0.0,0
C02635,5.0,7.0,24.0,1171.73,0.2916666545138894,0
C02636,13.0,3.0,11.0,675.28,0.2727272479338866,0
C02637,142.0,0.0,0.0,0.0,0.0,0
C02638,54.0,0.0,1.0,55.45,0.0,1
C02639,4.0,5.0,6.0,232.82000000000002,0.8333331944444675,0
C02640,35.0,0.0,3.0,93.16999999999999,0.0,0
C02641,0.0,2.0,14.0,635.6500000000001,0.14285713265306196,0
C02642,26.0,1.0,5.0,380.23,0.199999960000008,0
C02643,92.0,0.0,0.0,0.0,0.0,0
C02644,2.0,3.0,9.0,611.06,0.33333329629630043,0
C02646,17.0,1.0,3.0,373.21000000000004,0.33333322222225925,1
C02647,34.0,0.0,1.0,41.2,0.0,0
C02648,22.0,1.0,2.0,245.22,0.499999750000125,1
C02649,204.0,0.0,0.0,0.0,0.0,1
C02650,3.0,3.0,6.0,366.96,0.49999991666668053,0
C02651,29.0,1.0,4.0,198.17000000000002,0.24999993750001562,1
C02652,9.0,1.0,1.0,28.43,0.9999990000010001,1
C02653,11.0,1.0,3.0,86.78,0.33333322222225925,0
C02654,25.0,1.0,2.0,100.99,0.499999750000125,1
C02655,0.0,11.0,36.0,1863.61,0.3055555470679015,0
C02656,33.0,0.0,3.0,138.67000000000002,0.0,0
C02657,81.0,0.0,3.0,99.31,0.0,1
C02658,1.0,5.0,13.0,520.72,0.3846153550295881,0
C02659,73.0,0.0,2.0,236.32,0.0,0
C02660,53.0,0.0,3.0,137.70999999999998,0.0,0
C02661,31.0,0.0,1.0,38.36,0.0,1
C02662,11.0,1.0,4.0,228.05999999999997,0.24999993750001562,0
C02663,27.0,1.0,3.0,112.92,0.33333322222225925,1
C02664,0.0,3.0,8.0,452.64,0.3749999531250059,0
C02665,4.0,2.0,3.0,135.02,0.6666664444445185,1
C02666,38.0,0.0,1.0,43.77,0.0,1
C02667,67.0,0.0,1.0,1.26,0.0,1
C02668,113.0,0.0,0.0,0.0,0.0,1
C02669,32.0,0.0,5.0,312.34000000000003,0.0,0
C02670,22.0,1.0,13.0,628.79,0.07692307100591762,1
C02671,8.0,1.0,8.0,288.39,0.12499998437500197,1
C02672,20.0,1.0,3.0,93.17999999999999,0.33333322222225925,1
C02673,119.0,0.0,0.0,0.0,0.0,0
C02674,23.0,1.0,8.0,393.68,0.12499998437500197,0
C02675,57.0,0.0,5.0,210.51000000000002,0.0,1
C02676,15.0,1.0,6.0,597.71,0.16666663888889352,0
C02677,11.0,1.0,8.0,258.87,0.12499998437500197,0
C02678,28.0,1.0,7.0,264.59,0.1428571224489825,1
C02679,51.0,0.0,1.0,17.87,0.0,0
C02680,50.0,0.0,1.0,149.43,0.0,1
C02681,55.0,0.0,1.0,87.14,0.0,1
C02682,11.0,3.0,7.0,412.44999999999993,0.4285713673469475,0
C02683,65.0,0.0,1.0,153.67,0.0,1
C02684,125.0,0.0,0.0,0.0,0.0,1
C02685,5.0,1.0,11.0,723.8,0.09090908264462885,0
C02686,33.0,0.0,2.0,56.02,0.0,1
C02687,67.0,0.0,1.0,2.76,0.0,0
C02688,63.0,0.0,1.0,15.81,0.0,0
C02689,12.0,3.0,5.0,398.42999999999995,0.599999880000024,1
C02690,83.0,0.0,1.0,10.5,0.0,1
C02691,9.0,1.0,10.0,536.8,0.09999999000000101,0
C02692,357.0,0.0,0.0,0.0,0.0,1
C02693,64.0,0.0,8.0,983.6500000000001,0.0,1
C02694,15.0,4.0,14.0,1156.98,0.2857142653061239,0
C02695,138.0,0.0,0.0,0.0,0.0,1
C02696,5.0,1.0,3.0,26.89,0.33333322222225925,0
C02698,10.0,3.0,7.0,359.28000000000003,0.4285713673469475,0
C02699,177.0,0.0,0.0,0.0,0.0,0
C02700,7.0,5.0,16.0,846.93,0.3124999804687512,0
C02702,26.0,1.0,1.0,55.34,0.9999990000010001,1
C02703,199.0,0.0,0.0,0.0,0.0,1
C02704,55.0,0.0,1.0,10.96,0.0,1
C02705,21.0,1.0,3.0,147.62,0.33333322222225925,1
C02706,0.0,9.0,27.0,2107.71,0.3333333209876548,0
C02707,1.0,3.0,5.0,417.84999999999997,0.599999880000024,0
C02708,64.0,0.0,1.0,114.71,0.0,1
C02709,3.0,4.0,14.0,316.29999999999995,0.2857142653061239,0
C02710,38.0,0.0,1.0,15.86,0.0,0
C02711,17.0,3.0,12.0,931.0499999999998,0.2499999791666684,0
C02712,7.0,3.0,12.0,820.76,0.2499999791666684,0
C02713,60.0,0.0,1.0,180.91,0.0,1
C02714,27.0,1.0,2.0,71.66,0.499999750000125,1
C02715,5.0,1.0,1.0,393.91,0.9999990000010001,1
C02716,16.0,1.0,1.0,27.93,0.9999990000010001,0
C02717,56.0,0.0,1.0,37.16,0.0,1
C02718,19.0,1.0,3.0,156.36,0.33333322222225925,0
C02719,17.0,2.0,7.0,368.06000000000006,0.285714244897965,0
C02720,0.0,2.0,6.0,261.98,0.33333327777778704,0
C02722,48.0,0.0,3.0,113.89,0.0,1
C02723,22.0,1.0,5.0,186.24,0.199999960000008,0
C02724,15.0,3.0,9.0,458.58,0.33333329629630043,0
C02725,2.0,3.0,6.0,532.2099999999999,0.49999991666668053,0
C02726,2.0,10.0,42.0,2595.9900000000002,0.238095232426304,0
C02727,26.0,1.0,1.0,2.49,0.9999990000010001,0
C02728,1.0,1.0,1.0,1.17,0.9999990000010001,0
C02729,136.0,0.0,0.0,0.0,0.0,1
C02730,19.0,1.0,3.0,413.08,0.33333322222225925,0
C02731,11.0,5.0,15.0,768.6599999999999,0.3333333111111126,0
C02732,22.0,1.0,3.0,242.34,0.33333322222225925,0
C02733,24.0,1.0,4.0,152.18,0.24999993750001562,1
C02734,43.0,0.0,6.0,391.81,0.0,0
C02735,12.0,1.0,3.0,74.84,0.33333322222225925,0
C02736,18.0,1.0,7.0,248.06,0.1428571224489825,0
C02737,18.0,1.0,1.0,214.04,0.9999990000010001,1
C02738,32.0,0.0,4.0,258.89,0.0,0
C02739,32.0,0.0,3.0,68.13,0.0,0
C02740,6.0,3.0,4.0,335.36,0.7499998125000469,0
C02741,300.0,0.0,0.0,0.0,0.0,1
C02742,7.0,1.0,3.0,67.12,0.33333322222225925,0
C02743,10.0,2.0,6.0,205.31,0.33333327777778704,0
C02744,12.0,1.0,2.0,289.15,0.499999750000125,0
C02745,12.0,1.0,6.0,479.75999999999993,0.16666663888889352,1
C02746,8.0,3.0,6.0,254.51,0.49999991666668053,0
C02747,2.0,2.0,9.0,153.89,0.22222219753086697,0
C02748,67.0,0.0,1.0,24.03,0.0,0
C02749,4.0,2.0,8.0,401.44,0.24999996875000394,0
C02750,15.0,1.0,1.0,92.66,0.9999990000010001,0
C02751,10.0,1.0,3.0,199.80999999999997,0.33333322222225925,0
C02752,333.0,0.0,0.0,0.0,0.0,1
C02753,12.0,2.0,4.0,124.10000000000001,0.49999987500003124,0
C02754,126.0,0.0,0.0,0.0,0.0,1
C02755,14.0,3.0,5.0,352.46000000000004,0.599999880000024,0
C02756,1.0,1.0,1.0,4.44,0.9999990000010001,1
C02757,5.0,2.0,3.0,159.10999999999999,0.6666664444445185,0
C02758,7.0,3.0,8.0,464.74,0.3749999531250059,1
C02759,10.0,2.0,4.0,343.65,0.49999987500003124,0
C02760,31.0,0.0,2.0,193.67000000000002,0.0,1
C02761,51.0,0.0,1.0,32.19,0.0,0
C02762,7.0,1.0,4.0,431.24,0.24999993750001562,1
C02763,14.0,3.0,6.0,292.94,0.49999991666668053,0
C02764,12.0,2.0,4.0,232.23,0.49999987500003124,0
C02765,33.0,0.0,2.0,31.069999999999997,0.0,0
C02766,2.0,3.0,5.0,172.2,0.599999880000024,0
C02768,20.0,1.0,4.0,231.2,0.24999993750001562,1
C02769,4.0,2.0,5.0,279.92,0.399999920000016,0
C02770,295.0,0.0,0.0,0.0,0.0,1
C02771,175.0,0.0,0.0,0.0,0.0,1
C02772,14.0,1.0,4.0,301.03999999999996,0.24999993750001562,1
C02773,3.0,1.0,2.0,49.690000000000005,0.499999750000125,0
C02774,128.0,0.0,0.0,0.0,0.0,1
C02775,20.0,2.0,6.0,321.72,0.33333327777778704,0
C02776,29.0,1.0,1.0,27.29,0.9999990000010001,0
C02777,43.0,0.0,1.0,111.31,0.0,1
C02779,12.0,3.0,9.0,574.2099999999999,0.33333329629630043,0
C02780,59.0,0.0,1.0,63.82,0.0,0
C02781,281.0,0.0,0.0,0.0,0.0,1
C02782,3.0,3.0,7.0,278.84,0.4285713673469475,0
C02783,14.0,2.0,8.0,279.84000000000003,0.24999996875000394,0
C02784,5.0,1.0,1.0,43.81,0.9999990000010001,1
C02785,13.0,1.0,1.0,73.14,0.9999990000010001,1
C02786,18.0,1.0,2.0,78.62,0.499999750000125,1
C02787,39.0,0.0,3.0,256.79,0.0,0
C02788,19.0,4.0,8.0,638.54,0.4999999375000079,0
C02789,1.0,2.0,6.0,308.05999999999995,0.33333327777778704,0
C02790,14.0,2.0,3.0,128.07,0.6666664444445185,0
C02791,11.0,1.0,2.0,80.28999999999999,0.499999750000125,1
C02792,360.0,0.0,0.0,0.0,0.0,0
C02793,32.0,0.0,1.0,115.85,0.0,1
C02794,321.0,0.0,0.0,0.0,0.0,1
C02795,0.0,5.0,15.0,945.16,0.3333333111111126,0
C02796,2.0,6.0,14.0,579.98,0.42857139795918586,0
C02797,2.0,1.0,9.0,593.72,0.11111109876543349,0
C02798,0.0,4.0,8.0,571.3,0.4999999375000079,0
C02799,6.0,2.0,9.0,395.03999999999996,0.22222219753086697,0
C02800,2.0,2.0,9.0,305.71999999999997,0.22222219753086697,0
C02801,39.0,0.0,2.0,104.59,0.0,0
C02802,62.0,0.0,2.0,52.47,0.0,1
C02803,18.0,2.0,5.0,406.96000000000004,0.399999920000016,1
C02804,268.0,0.0,0.0,0.0,0.0,1
C02805,19.0,1.0,3.0,150.89,0.33333322222225925,0
C02806,182.0,0.0,0.0,0.0,0.0,0
C02808,4.0,3.0,4.0,88.4,0.7499998125000469,0
C02810,77.0,0.0,1.0,41.92,0.0,1
C02811,7.0,5.0,12.0,714.7,0.41666663194444736,0
C02812,75.0,0.0,1.0,18.73,0.0,0
C02813,52.0,0.0,1.0,269.38,0.0,0
C02814,4.0,1.0,1.0,45.17,0.9999990000010001,1
C02815,2.0,3.0,7.0,182.78000000000003,0.4285713673469475,0
C02816,3.0,2.0,7.0,462.35999999999996,0.285714244897965,0
C02817,4.0,2.0,3.0,234.26999999999998,0.6666664444445185,0
C02818,50.0,0.0,1.0,88.82,0.0,1
C02819,295.0,0.0,0.0,0.0,0.0,1
C02820,23.0,1.0,4.0,174.76,0.24999993750001562,1
C02821,21.0,2.0,12.0,554.4300000000001,0.16666665277777895,1
C02822,38.0,0.0,4.0,151.56,0.0,0
C02823,2.0,6.0,11.0,483.09,0.5454544958677732,0
C02824,1.0,2.0,2.0,144.96,0.99999950000025,1
C02825,0.0,5.0,10.0,1066.1299999999999,0.499999950000005,0
C02826,5.0,8.0,18.0,975.96,0.4444444197530878,0
C02827,2.0,1.0,3.0,86.75,0.33333322222225925,1
C02828,367.0,0.0,0.0,0.0,0.0,1
C02829,39.0,0.0,3.0,170.99,0.0,1
C02830,24.0,1.0,4.0,390.53,0.24999993750001562,0
C02831,17.0,2.0,2.0,6.85,0.99999950000025,0
C02832,0.0,12.0,44.0,1953.38,0.27272726652892576,0
C02833,77.0,0.0,1.0,3.64,0.0,1
C02834,39.0,0.0,1.0,62.88,0.0,0
C02835,6.0,5.0,18.0,1419.27,0.27777776234567986,0
C02836,20.0,1.0,3.0,197.48000000000002,0.33333322222225925,1
C02837,1.0,3.0,4.0,115.47000000000001,0.7499998125000469,0
C02838,3.0,4.0,10.0,463.52,0.39999996000000404,0
C02839,0.0,2.0,4.0,407.06,0.49999987500003124,0
C02840,22.0,2.0,2.0,42.510000000000005,0.99999950000025,1
C02841,74.0,0.0,1.0,44.33,0.0,0
C02842,3.0,2.0,6.0,159.54000000000002,0.33333327777778704,1
C02843,202.0,0.0,0.0,0.0,0.0,1
C02844,7.0,2.0,6.0,175.86,0.33333327777778704,1
C02845,2.0,1.0,2.0,115.63,0.499999750000125,0
C02846,14.0,2.0,5.0,333.45000000000005,0.399999920000016,0
C02847,5.0,3.0,13.0,587.35,0.23076921301775286,0
C02848,4.0,2.0,3.0,283.23,0.6666664444445185,0
C02849,19.0,1.0,4.0,204.5,0.24999993750001562,0
C02850,23.0,1.0,6.0,198.96000000000004,0.16666663888889352,0
C02851,24.0,1.0,1.0,54.71,0.9999990000010001,1
C02852,9.0,1.0,5.0,381.41,0.199999960000008,1
C02853,11.0,2.0,2.0,60.54,0.99999950000025,0
C02854,255.0,0.0,0.0,0.0,0.0,0
C02855,46.0,0.0,1.0,47.2,0.0,1
C02856,17.0,3.0,9.0,530.44,0.33333329629630043,0
C02857,4.0,2.0,10.0,591.29,0.19999998000000202,1
C02858,1.0,4.0,7.0,214.53,0.57142848979593,0
C02859,18.0,1.0,3.0,358.02,0.33333322222225925,0
C02860,13.0,1.0,2.0,168.36,0.499999750000125,1
C02861,20.0,1.0,4.0,358.12,0.24999993750001562,0
C02862,24.0,1.0,1.0,87.18,0.9999990000010001,0
C02863,23.0,1.0,5.0,276.31,0.199999960000008,0
C02864,25.0,1.0,2.0,46.08,0.499999750000125,1
C02865,2.0,7.0,15.0,1234.84,0.46666663555555765,0
C02866,0.0,2.0,13.0,1053.63,0.15384614201183525,0
C02867,108.0,0.0,0.0,0.0,0.0,0
C02868,272.0,0.0,0.0,0.0,0.0,0
C02869,60.0,0.0,1.0,16.62,0.0,0
C02870,73.0,0.0,2.0,214.23,0.0,1
C02871,10.0,1.0,4.0,181.01999999999998,0.24999993750001562,0
C02872,4.0,5.0,14.0,798.43,0.3571428316326549,0
C02873,124.0,0.0,0.0,0.0,0.0,1
C02874,6.0,2.0,8.0,526.51,0.24999996875000394,0
C02875,9.0,8.0,23.0,1284.5699999999997,0.34782607183364905,0
C02876,338.0,0.0,0.0,0.0,0.0,0
C02877,9.0,2.0,6.0,389.1799999999999,0.33333327777778704,0
C02878,4.0,3.0,9.0,381.13,0.33333329629630043,0
C02879,8.0,1.0,4.0,525.85,0.24999993750001562,1
C02880,4.0,2.0,9.0,580.19,0.22222219753086697,0
C02881,19.0,1.0,1.0,96.82,0.9999990000010001,1
C02882,7.0,2.0,5.0,547.79,0.399999920000016,1
C02883,15.0,6.0,13.0,1114.27,0.4615384260355057,0
C02884,31.0,0.0,1.0,147.75,0.0,0
C02885,67.0,0.0,1.0,20.03,0.0,1
C02886,44.0,0.0,1.0,28.78,0.0,1
C02887,328.0,0.0,0.0,0.0,0.0,1
C02888,30.0,0.0,1.0,72.58,0.0,1
C02889,14.0,2.0,4.0,126.55000000000001,0.49999987500003124,1
C02890,20.0,1.0,2.0,94.63999999999999,0.499999750000125,1
C02891,51.0,0.0,1.0,32.64,0.0,0
C02892,23.0,2.0,4.0,100.91,0.49999987500003124,0
C02893,14.0,1.0,3.0,63.11,0.33333322222225925,1
C02894,12.0,1.0,5.0,165.01999999999998,0.199999960000008,0
C02895,115.0,0.0,0.0,0.0,0.0,1
C02896,269.0,0.0,0.0,0.0,0.0,1
C02897,6.0,1.0,2.0,172.45,0.499999750000125,1
C02898,19.0,1.0,5.0,191.54000000000002,0.199999960000008,1
C02899,3.0,2.0,9.0,752.19,0.22222219753086697,0
C02900,40.0,0.0,3.0,77.67,0.0,0
C02901,2.0,5.0,17.0,949.5899999999999,0.2941176297577865,0
C02902,33.0,0.0,3.0,130.07,0.0,0
C02903,119.0,0.0,0.0,0.0,0.0,1
C02904,3.0,4.0,6.0,495.98,0.6666665555555741,0
C02905,10.0,5.0,6.0,319.28,0.8333331944444675,0
C02906,21.0,2.0,2.0,48.35,0.99999950000025,0
C02907,100.0,0.0,0.0,0.0,0.0,0
C02908,27.0,1.0,1.0,73.17,0.9999990000010001,0
C02909,212.0,0.0,0.0,0.0,0.0,0
C02910,295.0,0.0,0.0,0.0,0.0,1
C02911,51.0,0.0,6.0,197.47,0.0,0
C02912,347.0,0.0,0.0,0.0,0.0,0
C02913,13.0,1.0,8.0,270.72,0.12499998437500197,1
C02914,17.0,4.0,19.0,1476.4899999999998,0.21052630470914185,0
C02915,34.0,0.0,2.0,46.65,0.0,1
C02916,8.0,1.0,3.0,283.40999999999997,0.33333322222225925,0
C02917,30.0,0.0,5.0,252.64999999999998,0.0,0
C02918,6.0,1.0,4.0,233.32,0.24999993750001562,0
C02919,228.0,0.0,0.0,0.0,0.0,1
C02920,4.0,2.0,4.0,431.61,0.49999987500003124,0
C02921,1.0,2.0,2.0,227.54000000000002,0.99999950000025,1
C02922,30.0,0.0,3.0,185.29,0.0,0
C02923,71.0,0.0,2.0,78.44999999999999,0.0,0
C02924,6.0,2.0,3.0,163.16,0.6666664444445185,0
C02925,168.0,0.0,0.0,0.0,0.0,1
C02926,14.0,1.0,3.0,276.44,0.33333322222225925,1
C02928,7.0,1.0,4.0,301.21,0.24999993750001562,0
C02929,73.0,0.0,2.0,20.36,0.0,1
C02930,15.0,6.0,14.0,642.8399999999999,0.42857139795918586,0
C02931,45.0,0.0,2.0,41.46,0.0,0
C02932,0.0,2.0,11.0,248.89999999999998,0.1818181652892577,0
C02933,122.0,0.0,0.0,0.0,0.0,1
C02934,3.0,5.0,35.0,2249.36,0.14285713877551032,0
C02935,74.0,0.0,1.0,39.95,0.0,1
C02936,12.0,2.0,4.0,178.74,0.49999987500003124,1
C02937,16.0,1.0,4.0,579.46,0.24999993750001562,0
C02938,16.0,2.0,23.0,1071.73,0.08695651795841226,0
C02939,12.0,2.0,5.0,371.46,0.399999920000016,0
C02941,5.0,4.0,14.0,512.02,0.2857142653061239,0
C02942,2.0,1.0,1.0,55.06,0.9999990000010001,0
C02943,279.0,0.0,0.0,0.0,0.0,1
C02944,2.0,1.0,3.0,213.27,0.33333322222225925,0
C02945,1.0,2.0,5.0,230.48,0.399999920000016,0
C02946,7.0,1.0,4.0,249.95000000000002,0.24999993750001562,0
C02947,306.0,0.0,0.0,0.0,0.0,1
C02948,70.0,0.0,1.0,27.32,0.0,1
C02949,2.0,1.0,1.0,9.52,0.9999990000010001,1
C02950,282.0,0.0,0.0,0.0,0.0,1
C02951,5.0,2.0,2.0,9.08,0.99999950000025,0
C02952,227.0,0.0,0.0,0.0,0.0,1
C02953,25.0,1.0,4.0,115.02000000000001,0.24999993750001562,0
C02954,57.0,0.0,3.0,82.5,0.0,0
C02955,10.0,4.0,13.0,832.61,0.3076922840236705,0
C02956,16.0,1.0,1.0,29.41,0.9999990000010001,1
C02957,27.0,1.0,2.0,123.34,0.499999750000125,0
C02958,70.0,0.0,1.0,105.89,0.0,1
C02959,3.0,1.0,1.0,56.52,0.9999990000010001,0
C02960,4.0,5.0,17.0,619.79,0.2941176297577865,0
C02961,10.0,1.0,4.0,242.91,0.24999993750001562,0
C02962,58.0,0.0,3.0,210.85000000000002,0.0,1
C02964,13.0,1.0,5.0,248.38,0.199999960000008,1
C02965,0.0,4.0,7.0,614.4300000000001,0.57142848979593,0
C02966,32.0,0.0,1.0,18.59,0.0,1
C02967,0.0,3.0,11.0,562.06,0.2727272479338866,0
C02968,72.0,0.0,1.0,164.87,0.0,1
C02969,63.0,0.0,1.0,40.77,0.0,1
C02970,80.0,0.0,1.0,10.84,0.0,0
C02971,21.0,1.0,4.0,217.75,0.24999993750001562,0
C02972,2.0,4.0,8.0,481.72,0.4999999375000079,1
C02973,13.0,2.0,4.0,251.26000000000002,0.49999987500003124,0
C02974,288.0,0.0,0.0,0.0,0.0,1
C02975,46.0,0.0,1.0,19.08,0.0,1
C02976,57.0,0.0,1.0,18.52,0.0,0
C02977,79.0,0.0,1.0,13.41,0.0,1
C02978,4.0,2.0,4.0,104.78,0.49999987500003124,1
C02979,54.0,0.0,1.0,39.67,0.0,0
C02980,171.0,0.0,0.0,0.0,0.0,1
C02981,10.0,3.0,8.0,617.75,0.3749999531250059,0
C02982,318.0,0.0,0.0,0.0,0.0,1
C02983,31.0,0.0,3.0,105.25,0.0,1
C02984,14.0,1.0,8.0,286.04,0.12499998437500197,0
C02985,15.0,2.0,4.0,242.76999999999998,0.49999987500003124,0
C02987,55.0,0.0,1.0,61.51,0.0,1
C02988,7.0,2.0,2.0,150.07,0.99999950000025,1
C02989,1.0,1.0,4.0,276.04,0.24999993750001562,0
C02990,15.0,1.0,7.0,224.72,0.1428571224489825,1
C02991,10.0,1.0,1.0,42.9,0.9999990000010001,1
C02992,8.0,1.0,7.0,638.93,0.1428571224489825,0
C02993,2.0,1.0,1.0,255.23,0.9999990000010001,0
C02994,65.0,0.0,1.0,17.99,0.0,0
C02995,71.0,0.0,2.0,58.089999999999996,0.0,0
C02996,18.0,2.0,6.0,668.44,0.33333327777778704,0
C02997,45.0,0.0,5.0,199.15,0.0,1
C02998,2.0,1.0,16.0,799.15,0.06249999609375024,0
C02999,2.0,5.0,23.0,1296.84,0.21739129489603065,0
C03001,80.0,0.0,1.0,26.12,0.0,1
C03002,80.0,0.0,1.0,28.21,0.0,1
C03010,80.0,0.0,1.0,4.73,0.0,1
C03011,80.0,0.0,1.0,50.66,0.0,1
C03013,80.0,0.0,1.0,35.85,0.0,1
C03014,79.0,0.0,1.0,8.09,0.0,1
C03018,79.0,0.0,1.0,70.59,0.0,1
C03024,78.0,0.0,1.0,3.3,0.0,1
C03026,78.0,0.0,1.0,46.09,0.0,1
C03032,77.0,0.0,1.0,90.11,0.0,1
C03035,76.0,0.0,1.0,103.21,0.0,1
C03036,18.0,1.0,4.0,109.07000000000002,0.24999993750001562,1
C03038,75.0,0.0,1.0,19.08,0.0,1
C03039,75.0,0.0,1.0,133.94,0.0,1
C03040,75.0,0.0,1.0,15.38,0.0,1
C03041,75.0,0.0,1.0,20.59,0.0,1
C03043,74.0,0.0,1.0,29.93,0.0,1
C03053,73.0,0.0,1.0,41.97,0.0,1
C03054,73.0,0.0,1.0,49.49,0.0,1
C03056,72.0,0.0,1.0,24.57,0.0,1
C03058,72.0,0.0,1.0,7.41,0.0,1
C03061,71.0,0.0,1.0,16.69,0.0,1
C03062,71.0,0.0,1.0,79.69,0.0,0
C03064,71.0,0.0,1.0,29.37,0.0,1
C03065,71.0,0.0,1.0,37.13,0.0,1
C03066,71.0,0.0,1.0,87.85,0.0,0
C03067,71.0,0.0,1.0,136.53,0.0,1
C03073,71.0,0.0,1.0,14.53,0.0,1
C03076,70.0,0.0,1.0,4.21,0.0,1
C03083,69.0,0.0,1.0,21.17,0.0,1
C03084,69.0,0.0,1.0,66.3,0.0,1
C03085,68.0,0.0,1.0,123.21,0.0,0
C03096,67.0,0.0,1.0,8.64,0.0,1
C03102,66.0,0.0,1.0,64.67,0.0,1
C03105,66.0,0.0,1.0,326.03,0.0,1
C03107,66.0,0.0,1.0,19.12,0.0,1
C03109,66.0,0.0,1.0,51.52,0.0,1
C03110,66.0,0.0,1.0,68.75,0.0,1
C03112,65.0,0.0,1.0,12.25,0.0,1
C03121,64.0,0.0,1.0,11.5,0.0,1
C03123,63.0,0.0,1.0,83.76,0.0,1
C03127,62.0,0.0,1.0,1.98,0.0,1
C03131,62.0,0.0,1.0,53.93,0.0,1
C03132,62.0,0.0,1.0,6.41,0.0,1
C03134,5.0,1.0,2.0,283.96,0.499999750000125,1
C03141,61.0,0.0,1.0,63.49,0.0,1
C03142,56.0,0.0,2.0,104.19,0.0,0
C03144,61.0,0.0,1.0,50.73,0.0,1
C03145,61.0,0.0,1.0,15.03,0.0,1
C03147,60.0,0.0,1.0,84.58,0.0,1
C03148,60.0,0.0,1.0,7.06,0.0,1
C03150,60.0,0.0,1.0,142.8,0.0,1
C03151,60.0,0.0,1.0,15.88,0.0,1
C03157,59.0,0.0,1.0,57.83,0.0,1
C03163,58.0,0.0,1.0,68.58,0.0,1
C03170,57.0,0.0,1.0,87.14,0.0,1
C03174,57.0,0.0,1.0,27.55,0.0,1
C03175,57.0,0.0,1.0,35.06,0.0,1
C03187,55.0,0.0,1.0,18.49,0.0,1
C03198,54.0,0.0,1.0,31.8,0.0,1
C03201,54.0,0.0,1.0,101.86,0.0,1
C03202,54.0,0.0,1.0,62.25,0.0,1
C03207,53.0,0.0,1.0,44.12,0.0,1
C03213,52.0,0.0,1.0,24.61,0.0,1
C03217,52.0,0.0,1.0,115.59,0.0,1
C03218,52.0,0.0,1.0,25.9,0.0,1
C03221,52.0,0.0,1.0,69.99,0.0,1
C03228,50.0,0.0,1.0,130.64,0.0,1
C03231,50.0,0.0,1.0,18.52,0.0,1
C03232,50.0,0.0,1.0,7.82,0.0,0
C03233,50.0,0.0,1.0,25.0,0.0,1
C03235,40.0,0.0,2.0,75.91,0.0,1
C03237,49.0,0.0,1.0,47.78,0.0,1
C03248,48.0,0.0,1.0,49.05,0.0,1
C03257,46.0,0.0,1.0,49.97,0.0,0
C03258,46.0,0.0,1.0,12.1,0.0,1
C03259,46.0,0.0,1.0,60.15,0.0,1
C03263,45.0,0.0,1.0,29.44,0.0,0
C03266,45.0,0.0,1.0,230.65,0.0,1
C03268,44.0,0.0,1.0,56.9,0.0,0
C03270,44.0,0.0,1.0,23.58,0.0,1
C03271,44.0,0.0,1.0,84.53,0.0,1
C03283,42.0,0.0,1.0,34.92,0.0,1
C03287,41.0,0.0,1.0,22.58,0.0,1
C03288,41.0,0.0,1.0,58.01,0.0,1
C03291,41.0,0.0,1.0,63.25,0.0,1
C03295,16.0,1.0,2.0,110.63,0.499999750000125,1
C03297,40.0,0.0,1.0,22.05,0.0,0
C03299,39.0,0.0,1.0,392.24,0.0,1
C03305,6.0,1.0,2.0,22.39,0.499999750000125,1
C03308,38.0,0.0,1.0,120.69,0.0,1
C03312,38.0,0.0,1.0,61.83,0.0,1
C03314,37.0,0.0,1.0,82.35,0.0,1
C03326,36.0,0.0,1.0,28.37,0.0,1
C03327,35.0,0.0,1.0,35.77,0.0,1
C03331,35.0,0.0,1.0,90.07,0.0,1
C03334,34.0,0.0,1.0,29.29,0.0,1
C03337,33.0,0.0,1.0,6.48,0.0,1
C03339,33.0,0.0,1.0,41.27,0.0,1
C03340,33.0,0.0,1.0,34.92,0.0,1
C03347,32.0,0.0,1.0,109.88,0.0,1
C03348,32.0,0.0,1.0,10.11,0.0,1
C03354,31.0,0.0,1.0,84.1,0.0,1
C03357,31.0,0.0,1.0,48.15,0.0,1
C03358,31.0,0.0,1.0,29.39,0.0,1
C03360,31.0,0.0,1.0,14.54,0.0,0
C03363,31.0,0.0,1.0,85.3,0.0,1
C03366,30.0,0.0,1.0,12.04,0.0,0
C03369,30.0,0.0,1.0,76.45,0.0,1
C03372,30.0,0.0,1.0,25.72,0.0,1
C03373,29.0,1.0,1.0,45.68,0.9999990000010001,1
C03377,29.0,1.0,1.0,23.5,0.9999990000010001,1
C03380,28.0,1.0,1.0,5.03,0.9999990000010001,1
C03383,28.0,1.0,1.0,183.97,0.9999990000010001,1
C03388,27.0,1.0,1.0,6.71,0.9999990000010001,1
C03392,26.0,1.0,1.0,60.38,0.9999990000010001,1
C03400,25.0,1.0,1.0,157.66,0.9999990000010001,1
C03401,25.0,1.0,1.0,63.57,0.9999990000010001,1
C03407,24.0,1.0,1.0,11.06,0.9999990000010001,1
C03410,24.0,1.0,1.0,19.87,0.9999990000010001,1
C03411,24.0,1.0,1.0,57.66,0.9999990000010001,1
C03413,24.0,1.0,1.0,55.71,0.9999990000010001,1
C03420,22.0,1.0,1.0,6.69,0.9999990000010001,0
C03422,22.0,1.0,1.0,21.68,0.9999990000010001,1
C03423,21.0,1.0,1.0,33.29,0.9999990000010001,1
C03424,21.0,1.0,1.0,27.3,0.9999990000010001,1
C03426,21.0,1.0,1.0,67.83,0.9999990000010001,1
C03428,20.0,1.0,1.0,41.49,0.9999990000010001,1
C03429,20.0,1.0,1.0,8.68,0.9999990000010001,1
C03432,20.0,1.0,1.0,13.44,0.9999990000010001,1
C03438,19.0,1.0,1.0,28.14,0.9999990000010001,1
C03445,19.0,1.0,1.0,75.15,0.9999990000010001,1
C03448,19.0,1.0,1.0,45.36,0.9999990000010001,1
C03450,19.0,1.0,1.0,49.97,0.9999990000010001,1
C03452,18.0,1.0,1.0,57.38,0.9999990000010001,1
C03459,17.0,1.0,1.0,177.15,0.9999990000010001,1
C03461,17.0,1.0,1.0,93.2,0.9999990000010001,1
C03463,17.0,1.0,1.0,63.37,0.9999990000010001,1
C03469,16.0,1.0,1.0,78.67,0.9999990000010001,1
C03472,16.0,1.0,1.0,8.85,0.9999990000010001,0
C03476,15.0,1.0,1.0,258.65,0.9999990000010001,1
C03485,13.0,1.0,1.0,50.14,0.9999990000010001,1
C03487,13.0,1.0,1.0,49.22,0.9999990000010001,1
C03491,12.0,1.0,1.0,12.32,0.9999990000010001,1
C03492,12.0,1.0,1.0,18.8,0.9999990000010001,1
C03493,7.0,2.0,2.0,161.98999999999998,0.99999950000025,1
C03501,11.0,1.0,1.0,72.31,0.9999990000010001,1
C03511,10.0,1.0,1.0,0.71,0.9999990000010001,1
C03512,10.0,1.0,1.0,109.42,0.9999990000010001,1
C03513,10.0,1.0,1.0,18.34,0.9999990000010001,1
C03516,9.0,1.0,1.0,172.76,0.9999990000010001,0
C03521,8.0,1.0,1.0,19.07,0.9999990000010001,1
C03523,8.0,1.0,1.0,22.29,0.9999990000010001,1
C03525,8.0,1.0,1.0,20.93,0.9999990000010001,1
C03528,8.0,1.0,1.0,39.42,0.9999990000010001,1
C03534,6.0,1.0,1.0,27.06,0.9999990000010001,1
C03536,6.0,1.0,1.0,9.8,0.9999990000010001,1
C03541,5.0,1.0,1.0,11.5,0.9999990000010001,1
C03542,5.0,1.0,1.0,14.95,0.9999990000010001,1
C03546,5.0,1.0,1.0,23.28,0.9999990000010001,1
C03556,5.0,1.0,1.0,9.75,0.9999990000010001,1
C03559,4.0,1.0,1.0,9.14,0.9999990000010001,1
C03560,4.0,1.0,1.0,21.23,0.9999990000010001,1
C03561,4.0,1.0,1.0,16.84,0.9999990000010001,1
C03563,4.0,1.0,1.0,30.27,0.9999990000010001,0
C03564,4.0,1.0,1.0,17.3,0.9999990000010001,1
C03570,3.0,1.0,1.0,19.43,0.9999990000010001,1
C03571,3.0,1.0,1.0,3.28,0.9999990000010001,1
C03577,2.0,1.0,1.0,81.26,0.9999990000010001,1
C03578,2.0,1.0,1.0,24.61,0.9999990000010001,1
C03581,2.0,1.0,1.0,79.36,0.9999990000010001,1
C03589,1.0,1.0,1.0,159.58,0.9999990000010001,1
C03590,1.0,1.0,1.0,19.09,0.9999990000010001,1
C03591,1.0,1.0,1.0,54.57,0.9999990000010001,1
C03592,1.0,1.0,1.0,72.46,0.9999990000010001,1
C03594,1.0,1.0,1.0,38.31,0.9999990000010001,1
C03595,1.0,1.0,1.0,93.25,0.9999990000010001,1
C03599,0.0,1.0,1.0,16.79,0.9999990000010001,1
